DATE,AWND,PRCP,TAVG,WDF2
1/1/2013,6.71,0.07,45,340
1/2/2013,5.59,0,38.5,320
1/3/2013,3.58,0,40,330
1/4/2013,0.45,0.03,44.5,20
1/5/2013,3.13,0.04,39.5,130
1/6/2013,1.57,0,42.5,330
1/7/2013,2.24,0,40.5,130
1/8/2013,4.03,0.45,49,90
1/9/2013,5.59,1.33,57,70
1/10/2013,8.05,0,59.5,180
1/11/2013,8.05,0,56,170
1/12/2013,11.41,0.91,62,170
1/13/2013,8.5,0.98,43.5,270
1/14/2013,9.4,0,34.5,10
1/15/2013,7.61,0.07,31.5,360
1/16/2013,4.03,0,40,310
1/17/2013,2.68,0,43,340
1/18/2013,3.58,0,42.5,150
1/19/2013,2.91,0,45,180
1/20/2013,1.34,0,48.5,90
1/21/2013,3.8,0,46,40
1/22/2013,3.8,0,45.5,140
1/23/2013,6.04,0,54.5,210
1/24/2013,5.59,0,58.5,210
1/25/2013,9.17,0,57.5,350
1/26/2013,5.59,0,48.5,100
1/27/2013,8.72,0,61,160
1/28/2013,12.75,0,70,160
1/29/2013,14.99,0.28,64,300
1/30/2013,10.29,0.01,45.5,290
1/31/2013,7.61,0,47.5,230
2/1/2013,6.26,0,47.5,120
2/2/2013,6.71,0,54,280
2/3/2013,2.01,0,52,360
2/4/2013,4.92,0,50.5,170
2/5/2013,1.34,0,54.5,150
2/6/2013,4.47,0.03,52,100
2/7/2013,4.25,0,57.5,150
2/8/2013,6.93,0.01,54.5,330
2/9/2013,6.26,0,47,110
2/10/2013,7.83,1.83,61.5,160
2/11/2013,5.37,0.15,53.5,80
2/12/2013,5.59,0.2,47.5,280
2/13/2013,6.71,0,43,300
2/14/2013,2.46,0,47,210
2/15/2013,5.59,0.02,46.5,360
2/16/2013,6.04,0,42,310
2/17/2013,10.96,0,51,180
2/18/2013,14.54,0.06,60,180
2/19/2013,4.47,0,50.5,50
2/20/2013,8.28,0.01,47,90
2/21/2013,8.5,0.1,53,290
2/22/2013,4.7,0,45.5,350
2/23/2013,3.8,0,46.5,10
2/24/2013,5.59,0,50,100
2/25/2013,9.84,0.15,57,250
2/26/2013,12.3,0,48,290
2/27/2013,6.71,0,46,290
2/28/2013,7.16,0,46,290
3/1/2013,5.82,0,43,340
3/2/2013,6.93,0,41,300
3/3/2013,7.38,0,44,160
3/4/2013,14.99,0,61.5,190
3/5/2013,11.63,0,54,310
3/6/2013,4.25,0,48.5,350
3/7/2013,5.59,0,49.5,130
3/8/2013,5.82,0,54.5,110
3/9/2013,11.41,0,61.5,170
3/10/2013,10.29,0.82,53.5,320
3/11/2013,7.38,0,45.5,320
3/12/2013,1.57,0,48.5,320
3/13/2013,2.91,0,51,310
3/14/2013,6.93,0,55.5,190
3/15/2013,11.63,0,64.5,210
3/16/2013,13.65,0,67.5,180
3/17/2013,11.18,0,68.5,200
3/18/2013,9.84,0,65,210
3/19/2013,6.71,0,58,100
3/20/2013,5.37,0,55.5,360
3/21/2013,7.83,0.01,50,110
3/22/2013,7.61,0.02,56,30
3/23/2013,5.37,0.36,53.5,300
3/24/2013,13.2,0,44,290
3/25/2013,9.84,0,42,340
3/26/2013,3.58,0,42,340
3/27/2013,5.59,0,48,150
3/28/2013,6.71,0,59.5,180
3/29/2013,7.61,0,68,190
3/30/2013,6.71,0.5,65,240
3/31/2013,5.59,0.66,61.5,350
4/1/2013,2.46,0,63,170
4/2/2013,6.93,0.14,60.5,30
4/3/2013,8.5,0.18,45,40
4/4/2013,6.26,0,44,310
4/5/2013,1.12,0,53,40
4/6/2013,10.74,0,62.5,170
4/7/2013,11.41,0,66.5,170
4/8/2013,12.3,0,72.5,150
4/9/2013,14.32,0,74.5,160
4/10/2013,9.62,2.27,59.5,260
4/11/2013,7.38,0.25,52,330
4/12/2013,2.01,0,58,290
4/13/2013,3.58,0,61,150
4/14/2013,6.71,0,63.5,170
4/15/2013,10.07,0,73.5,190
4/16/2013,10.51,0,78.5,150
4/17/2013,14.54,0,79.5,170
4/18/2013,12.75,0.84,61,170
4/19/2013,8.28,0,48.5,320
4/20/2013,4.92,0,53,160
4/21/2013,4.03,0,57,70
4/22/2013,5.14,0,60.5,150
4/23/2013,8.5,0,66,210
4/24/2013,7.83,0,52.5,300
4/25/2013,5.37,0,60,120
4/26/2013,7.61,0,64,140
4/27/2013,8.95,0,72.5,190
4/28/2013,2.46,0,68.5,270
4/29/2013,4.92,0,70.5,150
4/30/2013,5.37,0.11,69,120
5/1/2013,5.37,0.13,69.5,50
5/2/2013,8.5,0.07,59,300
5/3/2013,10.51,0.04,51,320
5/4/2013,8.5,0,56.5,250
5/5/2013,6.93,0,53,320
5/6/2013,4.92,0,61.5,280
5/7/2013,1.12,0,66,10
5/8/2013,6.71,0,70,170
5/9/2013,7.61,0.15,69,140
5/10/2013,3.8,0.06,73,220
5/11/2013,3.8,0,69,350
5/12/2013,4.03,0,64.5,60
5/13/2013,6.71,0,65.5,180
5/14/2013,10.96,0,74,190
5/15/2013,9.84,0.21,72,210
5/16/2013,8.28,0.25,73.5,110
5/17/2013,8.5,0,78,180
5/18/2013,10.51,0,81,170
5/19/2013,11.63,0,79.5,150
5/20/2013,13.87,0,82,160
5/21/2013,13.65,0.58,76,140
5/22/2013,2.46,0,73.5,140
5/23/2013,2.24,0,75.5,180
5/24/2013,5.82,0,77.5,100
5/25/2013,5.37,0.07,77.5,200
5/26/2013,6.49,0,77,210
5/27/2013,10.51,0,78.5,170
5/28/2013,11.41,0,79,180
5/29/2013,12.75,0,79,170
5/30/2013,13.42,0.01,80.5,190
5/31/2013,12.97,0,84,170
6/1/2013,10.96,0.95,82,200
6/2/2013,2.91,0.12,74,310
6/3/2013,3.13,0,75.5,100
6/4/2013,3.8,0,76,170
6/5/2013,2.01,0,80,310
6/6/2013,5.37,1.8,73,260
6/7/2013,4.25,0,73.5,340
6/8/2013,3.8,0,73.5,100
6/9/2013,5.14,0.36,77,320
6/10/2013,5.59,0,80.5,180
6/11/2013,6.71,0,84,230
6/12/2013,8.5,0,84.5,230
6/13/2013,5.59,0,86,240
6/14/2013,3.36,0,85.5,100
6/15/2013,4.03,0,80,110
6/16/2013,5.82,0.16,83.5,40
6/17/2013,6.26,0,81.5,300
6/18/2013,4.7,2.84,75.5,250
6/19/2013,2.68,0,77.5,140
6/20/2013,4.92,0,81.5,250
6/21/2013,4.7,0,83.5,140
6/22/2013,5.37,0,82,160
6/23/2013,7.16,0,83.5,160
6/24/2013,8.05,0,83,140
6/25/2013,10.29,0,84,220
6/26/2013,9.62,0,85,220
6/27/2013,5.82,0,86,240
6/28/2013,6.71,0,88.5,270
6/29/2013,5.37,0,83.5,320
6/30/2013,5.82,0,79.5,350
7/1/2013,3.8,0,77,300
7/2/2013,1.79,0,76,10
7/3/2013,4.03,0,75.5,130
7/4/2013,1.79,0,77,90
7/5/2013,3.58,0,78,110
7/6/2013,5.37,0,81,90
7/7/2013,5.82,0.05,83,170
7/8/2013,6.71,0.02,84,200
7/9/2013,7.61,0,85.5,190
7/10/2013,6.04,0,87.5,200
7/11/2013,4.7,0.07,83,90
7/12/2013,3.36,0,83,50
7/13/2013,2.91,0,77.5,100
7/14/2013,3.13,0,77.5,110
7/15/2013,4.03,0.15,81.5,160
7/16/2013,4.47,0,82,90
7/17/2013,4.25,0.02,83.5,60
7/18/2013,2.46,0.3,84.5,80
7/19/2013,3.8,0,80.5,270
7/20/2013,5.59,0,83,210
7/21/2013,7.16,0,83,170
7/22/2013,10.96,0,86.5,230
7/23/2013,9.4,0,84,220
7/24/2013,4.92,0,82.5,230
7/25/2013,3.13,0,81.5,30
7/26/2013,6.71,0.95,80,360
7/27/2013,4.47,0.02,77,30
7/28/2013,4.7,0,78,90
7/29/2013,7.61,0,83.5,190
7/30/2013,10.29,0,85.5,220
7/31/2013,7.61,0,87,210
8/1/2013,4.03,0,88,60
8/2/2013,4.7,0,85.5,160
8/3/2013,6.26,0,87,140
8/4/2013,5.14,0,87.5,140
8/5/2013,7.83,0,89.5,190
8/6/2013,8.28,0,89.5,210
8/7/2013,8.05,0,89,220
8/8/2013,7.38,0,89,120
8/9/2013,6.26,0,88.5,140
8/10/2013,6.71,0.02,88,140
8/11/2013,5.59,0,85,180
8/12/2013,6.26,0,87,210
8/13/2013,6.04,0.41,86.5,310
8/14/2013,6.49,0.01,79,320
8/15/2013,3.58,0,76,360
8/16/2013,4.47,0,73.5,30
8/17/2013,4.7,0,74,50
8/18/2013,3.8,0,79,100
8/19/2013,1.79,0,80,70
8/20/2013,2.46,0,80,140
8/21/2013,4.03,0,83.5,140
8/22/2013,4.47,0,85.5,150
8/23/2013,3.13,0,86,340
8/24/2013,4.7,0,85,90
8/25/2013,6.71,0,84,80
8/26/2013,7.61,0,84,120
8/27/2013,2.01,0,83.5,100
8/28/2013,3.8,0,86,130
8/29/2013,4.03,0,86,100
8/30/2013,4.92,0,86.5,150
8/31/2013,6.93,0,89,130
9/1/2013,6.04,0,88.5,350
9/2/2013,2.91,0,84,300
9/3/2013,3.36,0,88.5,130
9/4/2013,4.47,0,86,60
9/5/2013,3.36,0,84,70
9/6/2013,2.68,0,83.5,200
9/7/2013,3.58,0,85.5,220
9/8/2013,3.8,0,84,180
9/9/2013,5.82,0,84,160
9/10/2013,3.58,0,83,150
9/11/2013,3.13,0,83.5,90
9/12/2013,2.01,0,84.5,90
9/13/2013,4.92,0,85.5,60
9/14/2013,4.92,0,79.5,70
9/15/2013,1.79,0,77.5,120
9/16/2013,2.01,0,82,100
9/17/2013,1.79,0.01,82.5,50
9/18/2013,5.82,0,85,160
9/19/2013,5.82,0.22,85,160
9/20/2013,5.37,2.99,73,340
9/21/2013,6.49,0,71.5,10
9/22/2013,3.58,0,69,80
9/23/2013,1.57,0,70.5,120
9/24/2013,2.46,0,79.5,360
9/25/2013,2.46,0,75,310
9/26/2013,2.01,0,75.5,130
9/27/2013,4.7,0,76,150
9/28/2013,7.38,1.05,78.5,330
9/29/2013,3.8,0.58,75.5,190
9/30/2013,6.04,0.03,77.5,150
10/1/2013,6.93,0.06,78.5,160
10/2/2013,6.49,0,79,120
10/3/2013,6.49,0,78.5,150
10/4/2013,6.93,0,78.5,150
10/5/2013,7.83,0.42,72,330
10/6/2013,6.04,0,66,310
10/7/2013,3.36,0,64,310
10/8/2013,1.79,0,63.5,340
10/9/2013,0.22,0,64.5,10
10/10/2013,3.13,0,66,190
10/11/2013,4.25,0,69.5,140
10/12/2013,4.25,0.58,74.5,130
10/13/2013,4.03,0,71,60
10/14/2013,4.03,0.01,72,150
10/15/2013,6.49,2.1,73,20
10/16/2013,4.47,0.76,62.5,20
10/17/2013,4.25,0,62.5,350
10/18/2013,3.13,0,60.5,130
10/19/2013,4.7,0,55.5,320
10/20/2013,3.36,0,54.5,140
10/21/2013,2.68,0,60.5,350
10/22/2013,4.47,0,61,300
10/23/2013,2.68,0,61.5,170
10/24/2013,5.14,0,66.5,60
10/25/2013,4.92,0,55,100
10/26/2013,3.8,0,59,290
10/27/2013,3.36,0.02,63.5,110
10/28/2013,2.91,0,65,120
10/29/2013,6.71,0,70,170
10/30/2013,8.5,1.41,68,150
10/31/2013,6.93,1.96,64.5,280
11/1/2013,1.79,0,60.5,330
11/2/2013,5.82,0,55,330
11/3/2013,4.25,0,51.5,120
11/4/2013,5.82,0,59,150
11/5/2013,8.72,0,66.5,160
11/6/2013,8.5,0.72,57.5,310
11/7/2013,4.7,0,50.5,290
11/8/2013,1.34,0,51.5,150
11/9/2013,2.01,0.05,54,160
11/10/2013,1.12,0,58.5,330
11/11/2013,0.22,0,57.5,10
11/12/2013,6.71,0,46.5,20
11/13/2013,3.36,0,41,20
11/14/2013,4.25,0,43,150
11/15/2013,4.92,0.03,57,140
11/16/2013,9.62,0,65,170
11/17/2013,9.84,0.03,75,220
11/18/2013,4.92,0,62,30
11/19/2013,5.14,0,54,90
11/20/2013,5.59,0,52,130
11/21/2013,7.83,0.09,63,170
11/22/2013,6.71,1.7,57.5,290
11/23/2013,8.95,0.17,43,20
11/24/2013,8.5,0,38,40
11/25/2013,6.04,1,34,340
11/26/2013,7.16,0.29,38,340
11/27/2013,4.7,0,45,350
11/28/2013,1.12,0,53,160
11/29/2013,0.89,0,48.5,130
11/30/2013,4.7,0,47,220
12/1/2013,8.05,0,60,230
12/2/2013,4.25,0,61,190
12/3/2013,6.71,0,63,180
12/4/2013,10.74,0,69,200
12/5/2013,8.72,0.15,52.5,320
12/6/2013,8.5,0.25,35,360
12/7/2013,8.72,0,31,10
12/8/2013,2.01,0.02,33,90
12/9/2013,6.04,0.11,36,20
12/10/2013,4.25,0,35.5,320
12/11/2013,3.36,0,36.5,350
12/12/2013,3.36,0,40,140
12/13/2013,3.58,1.78,39,120
12/14/2013,6.49,0.02,42,320
12/15/2013,1.57,0,39,340
12/16/2013,4.92,0,45,200
12/17/2013,1.12,0,49.5,250
12/18/2013,5.37,0,50,180
12/19/2013,12.3,0,58.5,180
12/20/2013,9.62,0,69,170
12/21/2013,7.16,2.96,62.5,300
12/22/2013,8.95,0,43.5,310
12/23/2013,4.7,0,37.5,350
12/24/2013,3.8,0,38,140
12/25/2013,2.91,0,42,10
12/26/2013,2.01,0,45.5,80
12/27/2013,0.67,0,44,90
12/28/2013,0.22,0,46,350
12/29/2013,2.68,0,47,330
12/30/2013,5.82,0,39,310
12/31/2013,1.79,0,37.5,140
1/1/2014,7.61,0,45,160
1/2/2014,10.51,0,43.5,300
1/3/2014,5.82,0,35,140
1/4/2014,11.86,0,44.5,170
1/5/2014,13.42,0.02,40.5,290
1/6/2014,8.28,0,23.5,330
1/7/2014,5.59,0,28,200
1/8/2014,8.72,0,35,150
1/9/2014,4.03,0.61,44,140
1/10/2014,10.07,0.1,57,180
1/11/2014,5.59,0.01,49.5,300
1/12/2014,9.62,0,51.5,180
1/13/2014,11.41,0.01,54,160
1/14/2014,5.82,0,48.5,350
1/15/2014,6.71,0,42,290
1/16/2014,9.62,0,48.5,230
1/17/2014,7.83,0,41.5,310
1/18/2014,10.07,0,46,230
1/19/2014,3.13,0,47.5,240
1/20/2014,7.61,0,53.5,230
1/21/2014,7.83,0,41,340
1/22/2014,3.58,0,40,170
1/23/2014,9.62,0,36.5,20
1/24/2014,6.71,0,32.5,230
1/25/2014,5.37,0,44.5,210
1/26/2014,4.47,0,48.5,210
1/27/2014,9.17,0,41,40
1/28/2014,8.5,0,31,360
1/29/2014,3.8,0,29,160
1/30/2014,10.07,0,36.5,160
1/31/2014,12.08,0,56.5,160
2/1/2014,9.17,0.02,60,160
2/2/2014,9.17,0.58,44.5,10
2/3/2014,6.93,0,40.5,120
2/4/2014,4.92,0.53,37,110
2/5/2014,9.4,0.01,35,320
2/6/2014,6.93,0,30.5,20
2/7/2014,4.25,0.08,32.5,80
2/8/2014,3.13,0,40,160
2/9/2014,3.58,0,40.5,30
2/10/2014,8.28,0.01,36,50
2/11/2014,8.95,0.42,32.5,30
2/12/2014,3.58,0.01,32.5,310
2/13/2014,3.58,0,41,230
2/14/2014,9.62,0,54,280
2/15/2014,5.59,0,45.5,160
2/16/2014,5.59,0,54.5,150
2/17/2014,7.38,0,64,260
2/18/2014,6.49,0,58.5,220
2/19/2014,9.62,0,69.5,180
2/20/2014,12.97,0.25,64,210
2/21/2014,1.79,0,49.5,150
2/22/2014,8.05,0,53.5,150
2/23/2014,6.49,0,65,330
2/24/2014,6.26,0,54,130
2/25/2014,6.04,0.24,50,320
2/26/2014,7.16,0.13,39,10
2/27/2014,3.8,0,39.5,140
2/28/2014,8.95,0,46.5,150
3/1/2014,8.5,0,63.5,190
3/2/2014,9.4,0.5,52,280
3/3/2014,9.62,0,30,310
3/4/2014,3.8,0,34,30
3/5/2014,3.36,0,37,110
3/6/2014,5.37,0.01,46.5,340
3/7/2014,5.59,0,45,130
3/8/2014,3.58,0.08,47.5,140
3/9/2014,3.8,0.03,49,310
3/10/2014,5.37,0,60,190
3/11/2014,7.61,0,64.5,160
3/12/2014,10.29,0,54,360
3/13/2014,3.8,0,51,200
3/14/2014,7.38,0,54,200
3/15/2014,8.05,1.21,61.5,300
3/16/2014,11.63,0,50.5,300
3/17/2014,5.82,0,45.5,360
3/18/2014,12.97,0,55.5,170
3/19/2014,6.04,0,56,300
3/20/2014,2.68,0,54,120
3/21/2014,8.05,0,59.5,160
3/22/2014,3.8,0,66,40
3/23/2014,8.28,0.01,54.5,40
3/24/2014,3.13,0,51,130
3/25/2014,5.37,0,51,340
3/26/2014,10.96,0,49,150
3/27/2014,10.51,0.18,59.5,170
3/28/2014,5.59,1.28,70,290
3/29/2014,6.04,0,59.5,340
3/30/2014,6.26,0,56.5,140
3/31/2014,10.51,0,62.5,190
4/1/2014,8.5,0,66.5,170
4/2/2014,11.18,0.01,71.5,180
4/3/2014,14.99,0.05,72,180
4/4/2014,8.05,0.7,58,280
4/5/2014,6.26,0.06,51.5,290
4/6/2014,7.16,2.53,49.5,70
4/7/2014,7.16,0,52.5,280
4/8/2014,7.38,0.04,56,310
4/9/2014,4.03,0,56,170
4/10/2014,12.53,0,66.5,170
4/11/2014,10.96,0,67.5,180
4/12/2014,12.3,0,71,160
4/13/2014,11.63,0.29,69.5,170
4/14/2014,10.74,0.83,57.5,330
4/15/2014,5.82,0,48,320
4/16/2014,7.61,0,51,150
4/17/2014,3.13,0,54.5,130
4/18/2014,3.8,0.01,62,80
4/19/2014,1.34,0,63.5,140
4/20/2014,2.68,0,66,140
4/21/2014,7.61,0.05,69.5,230
4/22/2014,3.58,0,71,330
4/23/2014,5.82,0,70,140
4/24/2014,8.72,0,70,180
4/25/2014,2.91,0,65,50
4/26/2014,8.95,0,67.5,170
4/27/2014,14.99,0,79.5,180
4/28/2014,6.93,0.05,69.5,200
4/29/2014,7.38,0,64,320
4/30/2014,6.93,0,56,320
5/1/2014,4.7,0,57.5,350
5/2/2014,2.91,0,63,280
5/3/2014,2.46,0,66,230
5/4/2014,9.17,0,73.5,220
5/5/2014,12.3,0,73.5,230
5/6/2014,12.75,0,72.5,160
5/7/2014,12.75,0,76,150
5/8/2014,9.62,2.04,72,310
5/9/2014,8.95,0.8,73.5,300
5/10/2014,10.51,0,74,200
5/11/2014,12.75,0,80,140
5/12/2014,12.53,0.64,77,150
5/13/2014,6.04,0.71,63.5,310
5/14/2014,7.61,0.93,54.5,330
5/15/2014,5.14,0.13,59.5,350
5/16/2014,5.82,0,65.5,190
5/17/2014,6.93,0,67.5,180
5/18/2014,5.59,0,71.5,180
5/19/2014,9.84,0,73,180
5/20/2014,10.29,0,75.5,170
5/21/2014,8.05,0,76.5,160
5/22/2014,6.04,0,76.5,230
5/23/2014,4.03,0,75.5,190
5/24/2014,3.58,0,75.5,220
5/25/2014,5.14,0,76,200
5/26/2014,7.16,0.01,76,170
5/27/2014,7.16,0.39,72.5,130
5/28/2014,2.46,0.2,73,90
5/29/2014,2.24,0,74.5,60
5/30/2014,2.24,0.25,75,200
5/31/2014,4.25,0.02,79,140
6/1/2014,6.71,0.12,78.5,130
6/2/2014,6.71,0,80,170
6/3/2014,5.37,0,79,150
6/4/2014,8.72,0,80.5,190
6/5/2014,8.05,0,80.5,220
6/6/2014,6.26,0,82,230
6/7/2014,5.82,0,82,210
6/8/2014,7.16,0,81.5,210
6/9/2014,8.5,0.61,75,280
6/10/2014,8.05,0.01,73.5,270
6/11/2014,3.58,0,77,250
6/12/2014,4.25,0,75.5,160
6/13/2014,3.8,0,79.5,70
6/14/2014,8.5,0,80,190
6/15/2014,9.4,0,81.5,190
6/16/2014,8.5,0,83,200
6/17/2014,8.72,0,83,200
6/18/2014,8.28,0,83,240
6/19/2014,6.04,0,83.5,230
6/20/2014,3.13,0,84,80
6/21/2014,4.92,0,83,230
6/22/2014,5.59,0,81.5,240
6/23/2014,10.96,0,84,230
6/24/2014,5.59,0.91,76.5,170
6/25/2014,4.92,1.18,76,200
6/26/2014,6.93,0.01,78.5,170
6/27/2014,11.18,0,77.5,150
6/28/2014,9.62,0.28,81,190
6/29/2014,10.07,0,84,170
6/30/2014,11.18,0,84,190
7/1/2014,7.61,0,83.5,200
7/2/2014,5.59,0,83,320
7/3/2014,2.91,0,79.5,30
7/4/2014,3.8,0,76.5,90
7/5/2014,2.68,0,76.5,160
7/6/2014,4.25,0,80,240
7/7/2014,8.5,0,83,200
7/8/2014,9.17,0,85,200
7/9/2014,5.14,0,84.5,260
7/10/2014,5.37,0,85.5,250
7/11/2014,3.8,0,85.5,270
7/12/2014,3.8,0,86,280
7/13/2014,4.25,0,87.5,200
7/14/2014,6.71,0.09,86,170
7/15/2014,4.47,0.93,78.5,170
7/16/2014,3.36,0,75,140
7/17/2014,6.93,1.13,72.5,120
7/18/2014,5.37,0.84,68,300
7/19/2014,1.57,0,69,80
7/20/2014,0.89,0,73.5,140
7/21/2014,1.12,0,76.5,60
7/22/2014,1.12,0,79,10
7/23/2014,2.24,0.01,81,360
7/24/2014,3.13,0,77.5,30
7/25/2014,3.13,0,81.5,260
7/26/2014,6.04,0,84.5,200
7/27/2014,7.83,0,86,230
7/28/2014,4.03,0,84,30
7/29/2014,3.58,0,81,10
7/30/2014,6.26,0,78.5,170
7/31/2014,5.82,0.5,72,100
8/1/2014,5.14,0.88,69.5,100
8/2/2014,4.7,0,74,100
8/3/2014,3.36,0.69,80.5,70
8/4/2014,2.91,0,81.5,70
8/5/2014,0.67,0,82,120
8/6/2014,4.03,0,84,100
8/7/2014,7.61,0,85.5,230
8/8/2014,8.5,0,86.5,240
8/9/2014,5.82,0,84.5,220
8/10/2014,5.37,0,85.5,120
8/11/2014,5.59,0,85,310
8/12/2014,3.58,0,81,360
8/13/2014,2.01,0,77,340
8/14/2014,1.79,0,77,110
8/15/2014,2.91,0,78,160
8/16/2014,8.95,0,85,180
8/17/2014,9.62,0,86.5,180
8/18/2014,10.51,0,84,220
8/19/2014,7.61,0,85,220
8/20/2014,6.93,0,84,180
8/21/2014,8.05,0,86,140
8/22/2014,6.93,0,86.5,230
8/23/2014,4.25,0,85.5,220
8/24/2014,3.13,0,86.5,260
8/25/2014,3.13,0,86.5,90
8/26/2014,2.91,0,83,100
8/27/2014,2.24,0,82,120
8/28/2014,4.03,0.09,83,150
8/29/2014,6.71,0.16,84,200
8/30/2014,6.04,0,80,180
8/31/2014,9.17,0,82,190
9/1/2014,8.5,0,83.5,160
9/2/2014,6.04,0.08,82,190
9/3/2014,4.25,0,82,230
9/4/2014,4.92,0,83.5,170
9/5/2014,4.7,0,85,130
9/6/2014,2.91,0.01,84.5,40
9/7/2014,3.58,0,80,10
9/8/2014,2.46,0,82,160
9/9/2014,5.82,0,83.5,190
9/10/2014,11.63,0,86,210
9/11/2014,6.04,0.35,83.5,310
9/12/2014,6.71,1.3,74.5,330
9/13/2014,7.61,0,63.5,30
9/14/2014,3.8,0,72.5,20
9/15/2014,1.12,0,76,100
9/16/2014,2.24,0.01,81.5,40
9/17/2014,3.13,0,81,130
9/18/2014,3.58,0,80,180
9/19/2014,3.8,0,79.5,100
9/20/2014,2.24,0,80.5,140
9/21/2014,1.57,0,81.5,350
9/22/2014,6.93,0,74.5,60
9/23/2014,3.36,0,70,50
9/24/2014,2.91,0,69,130
9/25/2014,2.68,0,72,120
9/26/2014,3.13,0,74.5,90
9/27/2014,2.46,0,74.5,130
9/28/2014,2.68,0,75.5,30
9/29/2014,3.36,0,76.5,30
9/30/2014,4.25,0,78.5,150
10/1/2014,6.93,0.57,80.5,200
10/2/2014,8.95,0.39,79,300
10/3/2014,7.83,0,69,330
10/4/2014,3.13,0,61,360
10/5/2014,9.62,0,68.5,210
10/6/2014,5.82,0.07,70.5,150
10/7/2014,8.05,0,74,220
10/8/2014,5.82,0,79.5,200
10/9/2014,6.49,0,76.5,170
10/10/2014,10.51,0,80.5,190
10/11/2014,6.93,0.52,70.5,330
10/12/2014,4.03,0.06,67.5,300
10/13/2014,10.74,0.01,66.5,260
10/14/2014,10.29,0,62.5,290
10/15/2014,3.58,0,62,290
10/16/2014,5.82,0,66,220
10/17/2014,6.71,0,71,210
10/18/2014,4.92,0,67.5,50
10/19/2014,2.91,0,61.5,120
10/20/2014,1.12,0,63,360
10/21/2014,1.34,0,67.5,10
10/22/2014,3.36,0,65,100
10/23/2014,2.68,0,61,30
10/24/2014,1.12,0,63,330
10/25/2014,2.91,0,68.5,220
10/26/2014,6.71,0,72,180
10/27/2014,10.74,0,70.5,200
10/28/2014,5.82,0,71.5,240
10/29/2014,5.59,0,62,10
10/30/2014,2.24,0,58,150
10/31/2014,8.05,0,58.5,360
11/1/2014,4.47,0,47.5,70
11/2/2014,6.04,0,49.5,140
11/3/2014,8.05,0,58,150
11/4/2014,10.51,0.1,68,190
11/5/2014,5.14,0.99,59,270
11/6/2014,5.14,0,60,330
11/7/2014,2.24,0,50,90
11/8/2014,2.68,0,50.5,230
11/9/2014,3.13,0,53.5,210
11/10/2014,11.18,0,61.5,200
11/11/2014,8.72,0,55.5,310
11/12/2014,9.4,0,42,30
11/13/2014,7.61,0,36.5,330
11/14/2014,4.25,0,36,30
11/15/2014,7.38,0.01,37.5,150
11/16/2014,7.38,0.88,40.5,350
11/17/2014,9.17,0,36.5,340
11/18/2014,4.92,0,36.5,190
11/19/2014,9.84,0,48.5,210
11/20/2014,5.14,0.05,55,190
11/21/2014,6.49,0.55,57,140
11/22/2014,9.17,0.8,63.5,160
11/23/2014,10.96,0.66,65,290
11/24/2014,7.61,0,51.5,280
11/25/2014,2.46,0,47,160
11/26/2014,8.95,0,54,230
11/27/2014,5.37,0,48,350
11/28/2014,9.17,0,50,180
11/29/2014,13.2,0,63.5,210
11/30/2014,12.53,0,69.5,200
12/1/2014,8.05,0,54.5,320
12/2/2014,3.36,0,45.5,140
12/3/2014,5.14,0,54.5,120
12/4/2014,4.03,0,60,160
12/5/2014,7.61,0.26,66.5,220
12/6/2014,6.49,0,59.5,10
12/7/2014,5.82,0,48.5,40
12/8/2014,2.91,0,49.5,350
12/9/2014,3.13,0,53,310
12/10/2014,3.8,0.04,46,90
12/11/2014,5.82,0.47,45,130
12/12/2014,3.58,0.92,50,110
12/13/2014,4.92,0,57.5,140
12/14/2014,9.62,0,59,150
12/15/2014,12.75,0.16,62,260
12/16/2014,6.93,0,44,290
12/17/2014,4.03,0.09,41,90
12/18/2014,4.25,0.06,47,110
12/19/2014,6.71,0.83,48,100
12/20/2014,3.36,0,40.5,20
12/21/2014,4.92,0,45,230
12/22/2014,8.95,0,58,200
12/23/2014,7.83,0.06,49.5,350
12/24/2014,8.05,0,38.5,300
12/25/2014,9.84,0,44.5,180
12/26/2014,12.3,0,52,140
12/27/2014,9.4,0.74,53,340
12/28/2014,5.37,0.33,42,340
12/29/2014,4.7,0,43.5,60
12/30/2014,8.05,0,41.5,50
12/31/2014,6.93,0,35,50
1/1/2015,4.25,1.51,37,50
1/2/2015,4.47,0.28,44,100
1/3/2015,5.37,2.28,47,290
1/4/2015,8.05,0,37.5,300
1/5/2015,5.14,0,35.5,160
1/6/2015,2.46,0,42.5,190
1/7/2015,10.29,0,36,360
1/8/2015,6.04,0,27.5,170
1/9/2015,3.8,0,33.5,10
1/10/2015,4.7,0.04,34.5,90
1/11/2015,4.03,0.95,37,80
1/12/2015,6.49,0,43.5,20
1/13/2015,6.71,0,35.5,30
1/14/2015,4.03,0,34.5,30
1/15/2015,2.91,0,44.5,310
1/16/2015,2.46,0,43,250
1/17/2015,7.61,0,49,200
1/18/2015,3.58,0,50.5,200
1/19/2015,6.93,0,54,200
1/20/2015,2.24,0,52,130
1/21/2015,4.92,0.05,50.5,80
1/22/2015,9.4,1.79,44.5,40
1/23/2015,6.93,0.05,40.5,10
1/24/2015,5.82,0,44.5,230
1/25/2015,10.96,0,52,310
1/26/2015,5.82,0,51,310
1/27/2015,0.22,0,56,190
1/28/2015,8.95,0,57.5,180
1/29/2015,8.95,0,61.5,360
1/30/2015,6.04,0,48,60
1/31/2015,8.05,0,49,150
2/1/2015,13.2,0.27,51.5,310
2/2/2015,7.16,0,34.5,320
2/3/2015,5.82,0,39,160
2/4/2015,4.25,0,46.5,150
2/5/2015,5.59,0,41.5,40
2/6/2015,5.82,0,43.5,190
2/7/2015,11.41,0,53,190
2/8/2015,7.38,0,59,200
2/9/2015,5.37,0,58,350
2/10/2015,5.14,0,50,90
2/11/2015,3.8,0,53,140
2/12/2015,7.61,0,47,30
2/13/2015,4.47,0,43,190
2/14/2015,2.68,0,55.5,300
2/15/2015,7.61,0.13,46.5,120
2/16/2015,9.4,1.09,41.5,330
2/17/2015,5.82,0,35,30
2/18/2015,5.82,0,41.5,300
2/19/2015,6.93,0,38.5,130
2/20/2015,12.75,0.12,50,170
2/21/2015,13.87,0.55,58.5,200
2/22/2015,8.95,0.7,40.5,30
2/23/2015,10.07,0.42,31.5,20
2/24/2015,4.47,0,30,10
2/25/2015,4.25,0.62,34,300
2/26/2015,4.7,0,34.5,350
2/27/2015,8.05,0,30,70
2/28/2015,5.37,0,38.5,110
3/1/2015,4.92,0.53,41.5,10
3/2/2015,5.82,0.06,41.5,30
3/3/2015,6.71,0,53.5,190
3/4/2015,10.51,0.29,54,20
3/5/2015,9.62,0.32,34,20
3/6/2015,2.46,0,36.5,350
3/7/2015,2.24,0,44.5,210
3/8/2015,5.82,0.95,50.5,150
3/9/2015,5.37,1.33,50.5,100
3/10/2015,4.47,0.02,52.5,280
3/11/2015,4.25,0,55,10
3/12/2015,5.82,2.95,53.5,80
3/13/2015,4.92,0.27,60.5,280
3/14/2015,4.7,0,59,280
3/15/2015,2.68,0,59,30
3/16/2015,2.68,0,62.5,220
3/17/2015,3.58,0,70.5,230
3/18/2015,5.37,0.58,61,70
3/19/2015,3.58,0.01,60,40
3/20/2015,5.37,0.63,60,340
3/21/2015,5.59,0.65,55.5,70
3/22/2015,5.82,0.1,55,330
3/23/2015,3.58,0,61.5,50
3/24/2015,9.62,0,65,170
3/25/2015,10.74,0,68,180
3/26/2015,7.61,0,55.5,290
3/27/2015,6.26,0,52,300
3/28/2015,8.5,0,59,110
3/29/2015,11.41,0,64,220
3/30/2015,5.59,0,66.5,220
3/31/2015,8.05,0,70,220
4/1/2015,9.84,0,72.5,190
4/2/2015,13.65,0,74.5,190
4/3/2015,12.53,0.01,72.5,350
4/4/2015,7.61,0,59.5,30
4/5/2015,6.93,0.85,53.5,150
4/6/2015,10.07,0,68.5,180
4/7/2015,12.08,0.01,75.5,200
4/8/2015,12.08,0,76,180
4/9/2015,11.86,1.23,75,280
4/10/2015,5.59,0,59,40
4/11/2015,4.25,0,61.5,90
4/12/2015,6.71,0.78,66,170
4/13/2015,5.59,0.76,70.5,130
4/14/2015,5.14,0.11,64.5,100
4/15/2015,6.26,0.01,64.5,220
4/16/2015,5.82,0.3,67,150
4/17/2015,4.25,0,71,170
4/18/2015,3.36,0.26,69,20
4/19/2015,9.17,0.58,68,280
4/20/2015,7.83,0,61,300
4/21/2015,4.7,0,58,160
4/22/2015,5.14,0,68.5,40
4/23/2015,6.71,0.05,66.5,30
4/24/2015,5.82,0.87,67,300
4/25/2015,8.05,0,75,250
4/26/2015,5.82,0,75.5,70
4/27/2015,10.29,0.1,64,90
4/28/2015,9.17,0.11,57,60
4/29/2015,5.59,0,62,350
4/30/2015,3.36,0,67,280
5/1/2015,2.01,0,68.5,320
5/2/2015,4.03,0,67,140
5/3/2015,6.93,0,71,150
5/4/2015,7.61,0,69,160
5/5/2015,10.07,0,73.5,150
5/6/2015,8.72,0,74,150
5/7/2015,8.72,0,75,140
5/8/2015,8.28,0.95,76.5,190
5/9/2015,10.74,0.02,78.5,160
5/10/2015,11.41,0,79.5,160
5/11/2015,5.59,1.53,70.5,300
5/12/2015,4.92,0,66.5,60
5/13/2015,5.59,0.34,67,270
5/14/2015,4.92,0,75.5,210
5/15/2015,6.26,2.01,75.5,190
5/16/2015,9.62,0.06,78,180
5/17/2015,7.83,0.13,77,260
5/18/2015,,1.54,74.5,240
5/19/2015,,0,77,150
5/20/2015,5.14,0,79,190
5/21/2015,7.38,0.67,66.5,360
5/22/2015,5.82,0,64.5,90
5/23/2015,8.28,0,74,160
5/24/2015,11.63,0.03,75,180
5/25/2015,9.17,1.41,74,290
5/26/2015,7.61,0.38,74,180
5/27/2015,5.37,0.25,75.5,240
5/28/2015,5.59,0,78,20
5/29/2015,11.41,0,78.5,170
5/30/2015,5.37,0.46,74,230
5/31/2015,4.92,0.19,72.5,310
6/1/2015,3.13,0,74,40
6/2/2015,2.91,0,75.5,120
6/3/2015,4.25,0,76.5,140
6/4/2015,2.91,0,78,140
6/5/2015,1.79,0,79,80
6/6/2015,1.79,0,81.5,140
6/7/2015,1.57,0,83.5,310
6/8/2015,5.82,0,84,250
6/9/2015,6.49,0,84,190
6/10/2015,4.25,0,83,130
6/11/2015,9.17,0,82,170
6/12/2015,9.4,0.01,82,170
6/13/2015,12.75,0,80,150
6/14/2015,9.84,0.03,82.5,150
6/15/2015,6.49,0,82.5,140
6/16/2015,6.49,0.17,81,180
6/17/2015,12.3,0.01,80.5,170
6/18/2015,13.65,0.76,80,210
6/19/2015,11.63,0,83.5,240
6/20/2015,9.4,0,82,210
6/21/2015,6.93,0,83.5,170
6/22/2015,8.5,0,85,220
6/23/2015,4.92,0,85,230
6/24/2015,3.58,0,85,200
6/25/2015,6.93,0,84,110
6/26/2015,8.05,0,83.5,240
6/27/2015,5.82,0.28,78.5,360
6/28/2015,2.46,0,80.5,10
6/29/2015,7.61,0.15,82.5,240
6/30/2015,9.84,0.2,82,150
7/1/2015,10.07,0,81.5,200
7/2/2015,11.63,0,82.5,220
7/3/2015,10.51,0.12,80.5,210
7/4/2015,9.4,0.54,78,60
7/5/2015,9.84,0,81.5,100
7/6/2015,10.29,0,82,170
7/7/2015,11.41,0,83.5,180
7/8/2015,11.41,0,84.5,200
7/9/2015,8.5,0,83.5,220
7/10/2015,6.93,0,84.5,200
7/11/2015,6.26,0,85,200
7/12/2015,6.93,0,85.5,230
7/13/2015,7.83,0,86.5,220
7/14/2015,8.28,0,85.5,250
7/15/2015,7.61,0,86,250
7/16/2015,7.61,0,86.5,210
7/17/2015,9.17,0,86.5,230
7/18/2015,7.38,0,87,230
7/19/2015,5.82,0,88,220
7/20/2015,6.04,0,89.5,240
7/21/2015,5.82,0,87.5,250
7/22/2015,8.5,0,88,200
7/23/2015,9.62,0,87.5,240
7/24/2015,6.49,0,88.5,220
7/25/2015,4.7,0,89.5,260
7/26/2015,4.47,0,89.5,130
7/27/2015,4.7,0,87,140
7/28/2015,7.16,0,88.5,220
7/29/2015,3.8,0,90.5,220
7/30/2015,4.7,0.08,88.5,360
7/31/2015,5.37,0,83,100
8/1/2015,4.03,0,83,100
8/2/2015,2.91,0,83,130
8/3/2015,2.68,0,85.5,110
8/4/2015,4.92,0,87,130
8/5/2015,10.07,0,89.5,210
8/6/2015,9.62,0,89.5,220
8/7/2015,8.95,0,90.5,220
8/8/2015,6.93,0,91.5,250
8/9/2015,5.14,0,92,260
8/10/2015,4.25,0,91.5,30
8/11/2015,4.7,0,91,360
8/12/2015,6.49,0,87,30
8/13/2015,4.7,0,83,20
8/14/2015,4.47,0,81,40
8/15/2015,3.36,0,82,160
8/16/2015,5.82,0,83.5,150
8/17/2015,4.03,0,82,30
8/18/2015,8.72,0.07,87,160
8/19/2015,9.4,2.56,82.5,310
8/20/2015,4.7,0,70.5,30
8/21/2015,3.58,0.04,78.5,160
8/22/2015,6.71,0.04,83.5,160
8/23/2015,5.82,0,84,220
8/24/2015,3.36,0,84.5,50
8/25/2015,2.46,0.42,75,80
8/26/2015,1.34,0,75.5,320
8/27/2015,2.68,0,75.5,320
8/28/2015,2.01,0,76,340
8/29/2015,3.8,0,80,240
8/30/2015,3.58,0,84,240
8/31/2015,3.8,0,81,160
9/1/2015,3.8,0,80.5,160
9/2/2015,2.01,0,83,70
9/3/2015,3.36,0,82,160
9/4/2015,3.8,0,85.5,140
9/5/2015,3.36,0,85.5,150
9/6/2015,2.91,0.01,86.5,150
9/7/2015,4.7,0,85,140
9/8/2015,4.47,0,86.5,210
9/9/2015,4.47,0,79,210
9/10/2015,4.47,0,82.5,200
9/11/2015,4.7,0.01,83,50
9/12/2015,5.82,0,71,30
9/13/2015,3.13,0,68.5,100
9/14/2015,5.82,0,71.5,170
9/15/2015,6.71,0,74.5,160
9/16/2015,6.49,0,82.5,170
9/17/2015,4.03,0,82.5,140
9/18/2015,4.03,0,82.5,180
9/19/2015,4.7,0,84,320
9/20/2015,4.92,0,80.5,350
9/21/2015,4.03,0,80,360
9/22/2015,2.68,0,78,30
9/23/2015,2.91,0,75,120
9/24/2015,2.46,0,78,100
9/25/2015,3.58,0,79.5,330
9/26/2015,2.91,0,76.5,50
9/27/2015,2.91,0,77.5,50
9/28/2015,4.47,0.28,78.5,40
9/29/2015,3.8,0,79.5,10
9/30/2015,4.47,0,78.5,20
10/1/2015,5.37,0,72.5,340
10/2/2015,6.93,0,67,360
10/3/2015,5.82,0,67.5,320
10/4/2015,4.7,0,64.5,310
10/5/2015,3.8,0,69.5,340
10/6/2015,2.46,0,74,330
10/7/2015,1.79,0,76.5,10
10/8/2015,1.12,0,78.5,130
10/9/2015,4.25,0,79.5,320
10/10/2015,4.7,0,68,340
10/11/2015,5.14,0,70,140
10/12/2015,9.62,0,81.5,220
10/13/2015,3.58,0,75,310
10/14/2015,1.12,0,74,150
10/15/2015,3.58,0,75.5,210
10/16/2015,5.82,0,72,50
10/17/2015,5.82,0,65,20
10/18/2015,3.8,0,62,60
10/19/2015,3.58,0,63.5,170
10/20/2015,4.7,0,68,140
10/21/2015,6.04,0,75.5,160
10/22/2015,8.72,0,74,150
10/23/2015,6.71,1.34,71,160
10/24/2015,3.8,1.8,68,90
10/25/2015,9.62,2.49,62,10
10/26/2015,11.18,0.49,60,360
10/27/2015,5.14,0.03,64,280
10/28/2015,5.37,0,67.5,230
10/29/2015,0.67,0,64,20
10/30/2015,6.71,0.02,61,150
10/31/2015,6.04,0.75,69,150
11/1/2015,2.91,0.63,65,90
11/2/2015,4.03,0,67,360
11/3/2015,1.79,0,65.5,120
11/4/2015,3.8,0,71,140
11/5/2015,8.5,0.02,73.5,180
11/6/2015,4.47,1.32,68.5,190
11/7/2015,8.05,1.19,57.5,350
11/8/2015,7.16,0,59,360
11/9/2015,1.79,0,57,310
11/10/2015,5.82,0,63.5,150
11/11/2015,6.71,0.55,71,290
11/12/2015,5.14,0,57.5,320
11/13/2015,2.91,0,56.5,80
11/14/2015,3.13,0,55,110
11/15/2015,4.25,0.03,59,160
11/16/2015,9.17,0.04,62,150
11/17/2015,11.41,3.21,64,170
11/18/2015,6.04,0,56,260
11/19/2015,2.91,0,59.5,30
11/20/2015,4.03,0,57,130
11/21/2015,8.5,0,51,350
11/22/2015,2.24,0,42,50
11/23/2015,1.34,0,47,240
11/24/2015,7.16,0,53.5,140
11/25/2015,11.41,0,63.5,150
11/26/2015,12.53,0.01,70.5,140
11/27/2015,9.62,0.09,64,140
11/28/2015,5.14,0.79,50.5,290
11/29/2015,4.03,1.58,50,30
11/30/2015,3.8,0.45,53,310
12/1/2015,4.25,0,48.5,320
12/2/2015,5.82,0,50,310
12/3/2015,2.01,0,47,340
12/4/2015,2.46,0,47,10
12/5/2015,2.01,0,48,150
12/6/2015,1.12,0,51,260
12/7/2015,1.12,0,53,140
12/8/2015,7.16,0,54.5,170
12/9/2015,3.58,0,59,200
12/10/2015,5.82,0,57.5,190
12/11/2015,12.08,0,71,200
12/12/2015,13.42,0.01,71.5,140
12/13/2015,14.32,1.71,62.5,160
12/14/2015,8.95,0,58,190
12/15/2015,7.83,0,59.5,160
12/16/2015,7.83,0,55.5,300
12/17/2015,2.24,0,46.5,330
12/18/2015,3.36,0,44.5,340
12/19/2015,6.26,0,47,160
12/20/2015,9.17,0.01,49.5,150
12/21/2015,5.82,0.02,60.5,220
12/22/2015,6.93,0.06,57,160
12/23/2015,11.18,0.07,66,220
12/24/2015,3.8,0.07,61.5,160
12/25/2015,4.92,0.22,65,90
12/26/2015,12.3,0,73.5,160
12/27/2015,14.76,0.95,70,160
12/28/2015,14.54,0.09,49.5,210
12/29/2015,4.03,0,42.5,110
12/30/2015,5.59,0,46,340
12/31/2015,6.71,0,45.5,40
1/1/2016,5.82,0,44,40
1/2/2016,3.58,0,45,340
1/3/2016,4.92,0,49.5,310
1/4/2016,6.26,0,43,80
1/5/2016,4.03,0,38.5,100
1/6/2016,4.25,0.02,44,160
1/7/2016,6.93,0.4,52.5,100
1/8/2016,6.26,0.86,59,90
1/9/2016,11.41,0,46,310
1/10/2016,6.49,0,38,320
1/11/2016,2.68,0,39.5,160
1/12/2016,2.01,0,44.5,280
1/13/2016,4.7,0,48,230
1/14/2016,8.05,0,49.5,170
1/15/2016,8.95,0,55.5,340
1/16/2016,6.04,0.04,42.5,10
1/17/2016,2.68,0,41.5,300
1/18/2016,4.25,0,41.5,120
1/19/2016,9.62,0,45,150
1/20/2016,7.16,0.01,49.5,170
1/21/2016,8.05,1.43,40,60
1/22/2016,11.63,0.01,41.5,310
1/23/2016,4.25,0,37.5,360
1/24/2016,9.17,0,43.5,160
1/25/2016,9.17,0,59.5,210
1/26/2016,7.61,0,50,330
1/27/2016,5.37,0,43.5,10
1/28/2016,4.03,0,47,260
1/29/2016,8.05,0,55.5,180
1/30/2016,14.32,0,64,180
1/31/2016,13.2,0,69,200
2/1/2016,8.05,0,66,150
2/2/2016,10.51,0,64.5,250
2/3/2016,8.5,0,47.5,320
2/4/2016,5.82,0,44,290
2/5/2016,2.68,0,42,160
2/6/2016,4.03,0,46,250
2/7/2016,5.37,0,45.5,230
2/8/2016,16.11,0,49,300
2/9/2016,11.86,0,46.5,300
2/10/2016,7.38,0,48.5,220
2/11/2016,9.62,0,64.5,220
2/12/2016,3.36,0,55,70
2/13/2016,7.83,0,50,120
2/14/2016,10.29,0,54.5,160
2/15/2016,6.93,0.88,55.5,350
2/16/2016,7.61,0,57.5,260
2/17/2016,4.92,0,52,120
2/18/2016,11.63,0,60.5,180
2/19/2016,12.97,0,68,200
2/20/2016,9.4,0,66.5,200
2/21/2016,6.71,0.55,67,260
2/22/2016,6.26,0.27,58,50
2/23/2016,9.17,0.69,48,320
2/24/2016,13.87,0.01,49,280
2/25/2016,8.28,0,50,300
2/26/2016,1.34,0,46,20
2/27/2016,5.82,0,53.5,200
2/28/2016,10.96,0,60,220
2/29/2016,7.61,0,63.5,180
3/1/2016,8.28,0.01,63,360
3/2/2016,9.4,0,53.5,150
3/3/2016,9.62,0.13,65.5,310
3/4/2016,2.01,0,57.5,140
3/5/2016,2.24,0,60.5,350
3/6/2016,10.07,0,62,190
3/7/2016,12.75,0,66,170
3/8/2016,12.75,5.34,67,130
3/9/2016,8.28,4.81,61,50
3/10/2016,6.93,1.68,69,160
3/11/2016,7.61,0.55,64,150
3/12/2016,4.92,0.1,63.5,120
3/13/2016,10.51,0,69,210
3/14/2016,8.05,0,70,190
3/15/2016,13.42,0,74,210
3/16/2016,3.8,0,63,170
3/17/2016,6.04,0.4,59,290
3/18/2016,5.82,0.03,60.5,350
3/19/2016,10.07,0,54.5,10
3/20/2016,9.17,0,48.5,320
3/21/2016,6.49,0,48.5,190
3/22/2016,14.99,0,57.5,180
3/23/2016,17,0,68.5,160
3/24/2016,10.74,0.34,59,300
3/25/2016,4.25,0,54.5,30
3/26/2016,4.03,0,63.5,170
3/27/2016,6.49,0,64,320
3/28/2016,4.92,0,58.5,100
3/29/2016,5.82,0,59,120
3/30/2016,12.3,0.47,71,170
3/31/2016,9.62,0,73.5,220
4/1/2016,6.93,0.11,54.5,20
4/2/2016,4.47,0,55,310
4/3/2016,4.03,0,58.5,210
4/4/2016,8.05,0,67,220
4/5/2016,5.59,0,67.5,200
4/6/2016,10.29,0,65.5,230
4/7/2016,5.82,0,67,250
4/8/2016,4.25,0,63,330
4/9/2016,5.82,0,61,180
4/10/2016,14.54,0,69,190
4/11/2016,9.62,1.71,69,30
4/12/2016,7.16,0.01,64,40
4/13/2016,6.26,0,65,60
4/14/2016,5.59,0.07,62,60
4/15/2016,6.71,0,67.5,90
4/16/2016,9.84,0,68.5,110
4/17/2016,11.18,0,69.5,130
4/18/2016,5.37,5.33,66,140
4/19/2016,6.04,0.88,72,130
4/20/2016,3.8,0.59,69.5,350
4/21/2016,3.58,0,69,160
4/22/2016,4.03,0,70,330
4/23/2016,2.46,0,69.5,180
4/24/2016,8.72,0,70,140
4/25/2016,9.4,0,74.5,160
4/26/2016,11.41,0,79,160
4/27/2016,6.71,0.55,73.5,130
4/28/2016,4.25,0,72,110
4/29/2016,10.96,1.02,74.5,150
4/30/2016,8.72,1.91,74,140
5/1/2016,5.82,0,75,330
5/2/2016,7.83,0.54,66,320
5/3/2016,5.82,0,62,10
5/4/2016,6.71,0,67.5,290
5/5/2016,4.03,0,67,10
5/6/2016,2.24,0,68.5,40
5/7/2016,6.93,0,69.5,200
5/8/2016,10.74,0,68.5,160
5/9/2016,11.41,0,74.5,190
5/10/2016,12.75,0,80,220
5/11/2016,10.74,0,79,170
5/12/2016,5.82,0,78,210
5/13/2016,3.36,0,73,80
5/14/2016,4.25,0,72,20
5/15/2016,6.49,0,68,100
5/16/2016,6.71,0.05,67.5,140
5/17/2016,4.7,0,76,120
5/18/2016,6.49,0.12,67,40
5/19/2016,4.7,0.13,65.5,70
5/20/2016,4.92,0,70,310
5/21/2016,3.8,0,73,60
5/22/2016,5.59,0,75.5,100
5/23/2016,7.61,0,74.5,140
5/24/2016,8.95,0.03,78,170
5/25/2016,10.74,0,83.5,180
5/26/2016,9.62,0.25,78.5,150
5/27/2016,10.29,1.15,71.5,140
5/28/2016,4.25,0,75.5,240
5/29/2016,4.25,0,81,10
5/30/2016,4.47,0,78.5,170
5/31/2016,4.25,0,78,320
6/1/2016,2.91,0.55,76.5,140
6/2/2016,6.71,0.89,74,150
6/3/2016,4.92,0.09,73.5,200
6/4/2016,3.13,0.04,76.5,10
6/5/2016,4.03,0,79.5,350
6/6/2016,3.58,0,80.5,10
6/7/2016,2.01,0,80,340
6/8/2016,2.68,0,81.5,100
6/9/2016,4.03,0,82,120
6/10/2016,3.58,0,81.5,160
6/11/2016,6.26,0.04,82.5,150
6/12/2016,6.71,0,84,180
6/13/2016,5.59,1.87,77.5,290
6/14/2016,9.84,0,84.5,210
6/15/2016,8.5,0,85.5,230
6/16/2016,7.83,0,87,230
6/17/2016,6.49,0,86.5,230
6/18/2016,3.36,0.7,83.5,140
6/19/2016,4.92,0,82,130
6/20/2016,4.47,0.36,83,160
6/21/2016,3.8,0.03,83.5,200
6/22/2016,10.51,0,85.5,200
6/23/2016,8.28,0,84,220
6/24/2016,8.72,0,85.5,210
6/25/2016,6.26,0,85,160
6/26/2016,4.03,0.01,85.5,250
6/27/2016,3.58,0.01,86,10
6/28/2016,5.14,0,83,50
6/29/2016,4.47,0,84.5,90
6/30/2016,2.68,0,83.5,110
7/1/2016,2.46,0,84,150
7/2/2016,7.16,0,85.5,190
7/3/2016,12.3,0,88,200
7/4/2016,12.08,0,86.5,210
7/5/2016,12.3,0,86.5,190
7/6/2016,13.87,0,88,230
7/7/2016,12.75,0,88,200
7/8/2016,10.07,0,88,210
7/9/2016,7.16,0,88,210
7/10/2016,7.61,0,85.5,160
7/11/2016,10.96,0,85.5,200
7/12/2016,10.07,0,86.5,150
7/13/2016,11.18,0,88,200
7/14/2016,8.95,0,86.5,50
7/15/2016,4.92,0,83,270
7/16/2016,6.93,0,82.5,90
7/17/2016,5.37,0,86,150
7/18/2016,4.92,0,87.5,160
7/19/2016,3.8,0,86,160
7/20/2016,4.25,0,87,140
7/21/2016,4.03,0,90,170
7/22/2016,4.25,0,91.5,190
7/23/2016,5.14,0.12,88,310
7/24/2016,5.59,0.03,87,90
7/25/2016,4.25,0,84.5,130
7/26/2016,3.8,0,85.5,130
7/27/2016,4.92,0.03,84.5,170
7/28/2016,4.92,0.49,77,360
7/29/2016,7.16,0,83,220
7/30/2016,5.82,0.36,86.5,200
7/31/2016,5.82,0,85.5,160
8/1/2016,5.82,0,88.5,270
8/2/2016,4.92,0,88.5,220
8/3/2016,4.92,0,90,100
8/4/2016,5.59,0,90.5,230
8/5/2016,5.59,0,91.5,210
8/6/2016,5.59,0.01,87,60
8/7/2016,4.7,0.43,86,30
8/8/2016,3.8,0,79.5,40
8/9/2016,3.13,0,87,360
8/10/2016,2.91,0,88.5,80
8/11/2016,3.8,0,87.5,200
8/12/2016,3.8,0.01,89,110
8/13/2016,3.8,0.06,82.5,360
8/14/2016,6.71,0.23,81,190
8/15/2016,4.03,0.05,78.5,190
8/16/2016,4.7,0.09,78.5,220
8/17/2016,3.36,0.24,79,110
8/18/2016,5.14,1.62,79.5,270
8/19/2016,4.47,0.44,81.5,220
8/20/2016,6.71,0.19,83.5,280
8/21/2016,2.24,0.17,79.5,310
8/22/2016,2.24,0.82,81,250
8/23/2016,5.82,0,82.5,160
8/24/2016,5.59,0,86.5,190
8/25/2016,4.7,2.31,84,120
8/26/2016,2.91,0.15,82.5,150
8/27/2016,2.46,0,84,170
8/28/2016,3.8,0.05,84.5,100
8/29/2016,3.58,0.08,84,120
8/30/2016,3.8,0,85.5,50
8/31/2016,3.13,0,85.5,30
9/1/2016,5.14,0.05,85,350
9/2/2016,6.26,0,79.5,30
9/3/2016,3.36,0,77.5,340
9/4/2016,2.46,0,80,210
9/5/2016,6.71,0,85,170
9/6/2016,5.82,0,83,160
9/7/2016,4.47,0,83.5,160
9/8/2016,7.16,0,85.5,160
9/9/2016,8.5,0,84.5,140
9/10/2016,6.49,0.23,83,310
9/11/2016,3.8,0,79,10
9/12/2016,3.58,0,80.5,170
9/13/2016,3.13,0,82,100
9/14/2016,2.24,0,83,80
9/15/2016,2.68,0,84,340
9/16/2016,4.25,0,83,120
9/17/2016,2.91,0,84.5,150
9/18/2016,3.58,0.01,82.5,310
9/19/2016,2.68,0,84,70
9/20/2016,2.68,0,83,100
9/21/2016,2.24,0,81.5,350
9/22/2016,3.13,0,81.5,190
9/23/2016,5.59,0,83,150
9/24/2016,6.26,0,82.5,140
9/25/2016,3.36,0,81.5,160
9/26/2016,6.04,0,74.5,30
9/27/2016,4.03,0,72,70
9/28/2016,3.8,0,73.5,240
9/29/2016,6.26,0,68,10
9/30/2016,1.79,0,69,250
10/1/2016,1.12,0,69.5,160
10/2/2016,1.12,0,72,150
10/3/2016,2.01,0,72,120
10/4/2016,6.26,0,74,150
10/5/2016,6.71,0,81,110
10/6/2016,4.47,0,78.5,150
10/7/2016,4.92,0,77,340
10/8/2016,7.38,0,70,340
10/9/2016,4.7,0,66.5,80
10/10/2016,2.91,0,68,130
10/11/2016,3.8,0,69.5,150
10/12/2016,6.04,0,77,170
10/13/2016,5.59,1.71,79,340
10/14/2016,2.68,0.21,68,100
10/15/2016,5.59,0,74.5,160
10/16/2016,7.38,0,78,170
10/17/2016,10.07,0,80,160
10/18/2016,8.05,0,81,190
10/19/2016,5.59,0.08,80.5,170
10/20/2016,,0.04,69,340
10/21/2016,4.25,0,61,340
10/22/2016,3.58,0,60.5,130
10/23/2016,2.91,0,63,180
10/24/2016,2.24,0,69,210
10/25/2016,1.57,0,68,140
10/26/2016,2.24,0,68,150
10/27/2016,1.12,0,70.5,110
10/28/2016,2.46,0,71,130
10/29/2016,4.7,0,72,160
10/30/2016,3.36,0,73,220
10/31/2016,5.37,0,71.5,190
11/1/2016,6.93,0,70.5,130
11/2/2016,5.82,0,75,140
11/3/2016,2.68,0,74.5,300
11/4/2016,4.47,0,70,40
11/5/2016,3.8,0,66,360
11/6/2016,1.79,0,64.5,140
11/7/2016,5.82,0.28,63.5,170
11/8/2016,4.25,0,64,360
11/9/2016,6.04,0.02,64,40
11/10/2016,2.01,0,56.5,30
11/11/2016,1.79,0,63,360
11/12/2016,4.92,0,59,60
11/13/2016,1.34,0,53.5,360
11/14/2016,5.59,0,58.5,210
11/15/2016,2.24,0,67,320
11/16/2016,5.82,0,67,200
11/17/2016,10.07,0,68,200
11/18/2016,9.62,1.07,64,320
11/19/2016,5.82,0,50,340
11/20/2016,2.91,0,47,170
11/21/2016,5.37,0,53,150
11/22/2016,10.96,0.01,62.5,150
11/23/2016,6.04,3.76,55.5,150
11/24/2016,0.67,0,56,120
11/25/2016,2.68,0,60.5,40
11/26/2016,3.8,0,49.5,30
11/27/2016,9.84,0,55,170
11/28/2016,10.29,0.83,60.5,300
11/29/2016,2.46,0,57.5,140
11/30/2016,6.93,0,52,300
12/1/2016,1.34,0,49,120
12/2/2016,4.03,0.01,50.5,90
12/3/2016,8.72,1.71,49.5,100
12/4/2016,4.7,0.01,49.5,90
12/5/2016,5.14,0.75,47.5,60
12/6/2016,4.25,0.33,50,350
12/7/2016,4.92,0.01,51,20
12/8/2016,9.62,0.02,41,360
12/9/2016,5.59,0,37.5,50
12/10/2016,7.16,0,41,150
12/11/2016,12.75,0.01,58.5,180
12/12/2016,4.92,0.03,61.5,180
12/13/2016,4.47,0,56.5,40
12/14/2016,5.14,0,45,50
12/15/2016,5.59,0,42.5,60
12/16/2016,11.41,0,54,210
12/17/2016,16.78,0.11,59,300
12/18/2016,11.63,0,34.5,350
12/19/2016,6.71,0,33,360
12/20/2016,2.68,0,39,180
12/21/2016,5.59,0,58.5,180
12/22/2016,5.14,0,54,40
12/23/2016,6.04,0.06,57,190
12/24/2016,8.95,0,71,200
12/25/2016,11.18,0,71,160
12/26/2016,10.51,0.01,74.5,190
12/27/2016,4.47,0.42,64,310
12/28/2016,8.28,0.05,66,210
12/29/2016,7.61,0,57,360
12/30/2016,5.82,0,47,190
12/31/2016,6.49,0.01,52,170
1/1/2017,4.25,0,56.5,110
1/2/2017,5.59,0.39,60,160
1/3/2017,8.72,0,58.5,300
1/4/2017,6.93,0,43,320
1/5/2017,6.49,0,40,350
1/6/2017,10.74,0,30.5,360
1/7/2017,5.37,0,28,10
1/8/2017,5.59,0,31,150
1/9/2017,9.4,0,44.5,160
1/10/2017,14.32,0,67,220
1/11/2017,14.76,0,70.5,220
1/12/2017,10.51,0,71.5,180
1/13/2017,4.92,0.02,66.5,200
1/14/2017,2.01,0.08,63.5,150
1/15/2017,6.93,0,61.5,150
1/16/2017,9.84,0.13,65.5,200
1/17/2017,3.58,0.41,55,340
1/18/2017,5.37,1.81,55,320
1/19/2017,5.82,0,57.5,280
1/20/2017,10.29,0,66,230
1/21/2017,7.61,0.01,61.5,210
1/22/2017,14.76,0.02,59,310
1/23/2017,6.04,0,54,310
1/24/2017,11.63,0,61,190
1/25/2017,10.07,0.01,58,300
1/26/2017,8.05,0,46,320
1/27/2017,6.26,0,43,300
1/28/2017,7.16,0,46.5,270
1/29/2017,9.62,0,51.5,300
1/30/2017,4.47,0,55.5,270
1/31/2017,11.18,0,65.5,200
2/1/2017,8.5,0,64.5,220
2/2/2017,8.05,0,54,40
2/3/2017,7.61,0,46.5,40
2/4/2017,6.49,0.01,45,150
2/5/2017,3.36,0.22,51,110
2/6/2017,10.96,0.01,64,180
2/7/2017,11.86,0,0,250
2/8/2017,,0,0,290
2/9/2017,,0,50.5,30
2/10/2017,10.07,0,55.5,190
2/11/2017,12.3,0,75,220
2/12/2017,8.95,0,71,20
2/13/2017,9.4,0,60,60
2/14/2017,8.5,0.71,51.5,10
2/15/2017,8.5,0,53.5,330
2/16/2017,2.91,0,51,180
2/17/2017,6.93,0,55.5,230
2/18/2017,6.93,0,65,140
2/19/2017,8.72,0,69.5,140
2/20/2017,6.04,0.4,63.5,320
2/21/2017,5.14,0,62.5,290
2/22/2017,4.7,0,65,130
2/23/2017,10.51,0,69,170
2/24/2017,12.08,0,65.5,330
2/25/2017,6.93,0,48,340
2/26/2017,10.51,0.01,53,140
2/27/2017,8.28,0.37,61.5,340
2/28/2017,11.18,0,73,190
3/1/2017,12.3,0,62,320
3/2/2017,5.37,0,54.5,40
3/3/2017,3.36,0,55,90
3/4/2017,6.71,0,53,140
3/5/2017,10.29,0.21,57.5,140
3/6/2017,13.2,0.28,67.5,170
3/7/2017,9.17,0.12,60,340
3/8/2017,5.82,0,58.5,150
3/9/2017,8.28,0,69,190
3/10/2017,9.17,0,65.5,40
3/11/2017,10.51,0.07,50,40
3/12/2017,8.5,0.02,49,30
3/13/2017,6.26,0.11,50,360
3/14/2017,4.92,0,47,60
3/15/2017,8.28,0,50,50
3/16/2017,10.51,0,55,160
3/17/2017,11.86,0,69.5,180
3/18/2017,5.82,0,71.5,240
3/19/2017,5.59,0,70.5,190
3/20/2017,10.51,0,76,220
3/21/2017,9.17,0,73.5,180
3/22/2017,6.04,0,70.5,200
3/23/2017,10.07,0,72.5,180
3/24/2017,15.66,0.03,72,160
3/25/2017,9.4,0,67,200
3/26/2017,7.83,0,67.5,180
3/27/2017,7.83,0,73,210
3/28/2017,6.93,0,75.5,150
3/29/2017,9.84,0.14,71.5,150
3/30/2017,7.83,0,64,230
3/31/2017,4.25,0,67,190
4/1/2017,7.16,0,70,160
4/2/2017,,0.85,61.5,70
4/3/2017,6.93,0,68.5,230
4/4/2017,8.72,0,70.5,200
4/5/2017,12.53,0,63,270
4/6/2017,6.71,0,60.5,330
4/7/2017,2.24,0,60,240
4/8/2017,10.07,0,67,170
4/9/2017,12.08,0,71,160
4/10/2017,9.84,0.08,72,140
4/11/2017,5.59,0.89,67,140
4/12/2017,4.92,0,70.5,110
4/13/2017,3.8,0,72,120
4/14/2017,7.16,0,71.5,140
4/15/2017,6.93,0,72.5,180
4/16/2017,5.82,0,75,170
4/17/2017,4.92,0.07,74,360
4/18/2017,5.37,0,74.5,200
4/19/2017,7.16,0,74,130
4/20/2017,5.82,0,76.5,190
4/21/2017,10.07,0,78,200
4/22/2017,11.86,0.19,64.5,200
4/23/2017,8.72,0,62,320
4/24/2017,3.8,0,64,160
4/25/2017,12.3,0,70,150
4/26/2017,12.75,0.57,69,260
4/27/2017,5.82,0,61,130
4/28/2017,13.2,0,75.5,160
4/29/2017,15.88,0.16,79,140
4/30/2017,12.3,0.06,68,250
5/1/2017,6.49,0,66,240
5/2/2017,5.59,0,72,190
5/3/2017,11.41,0.53,66.5,150
5/4/2017,15.21,0,63,330
5/5/2017,8.5,0,65,320
5/6/2017,2.91,0,65.5,270
5/7/2017,4.47,0,70.5,120
5/8/2017,6.71,0,71.5,130
5/9/2017,6.49,0,72.5,190
5/10/2017,8.95,0,76,180
5/11/2017,9.4,0.41,76.5,190
5/12/2017,9.4,0.1,71,320
5/13/2017,6.49,0,71,360
5/14/2017,2.68,0,71.5,160
5/15/2017,5.82,0,74,130
5/16/2017,12.08,0,77,180
5/17/2017,12.08,0,79,160
5/18/2017,10.51,0,81.5,150
5/19/2017,10.07,0,83,150
5/20/2017,4.7,1.06,76,290
5/21/2017,5.82,0.42,68,30
5/22/2017,6.26,0.87,64.5,340
5/23/2017,6.04,0.28,69.5,320
5/24/2017,7.83,0,64.5,290
5/25/2017,8.95,0,70.5,190
5/26/2017,12.3,0,78.5,190
5/27/2017,10.74,0,83,200
5/28/2017,10.07,0.94,78,270
5/29/2017,2.91,0,73.5,160
5/30/2017,4.25,0,76.5,200
5/31/2017,3.8,0,77.5,60
6/1/2017,4.92,0.36,76.5,70
6/2/2017,4.92,0,78,50
6/3/2017,5.59,0.06,79.5,290
6/4/2017,6.49,0.11,75.5,200
6/5/2017,3.58,0.02,78.5,60
6/6/2017,6.71,0.03,80,90
6/7/2017,8.05,0,78.5,10
6/8/2017,3.13,0,74,30
6/9/2017,4.47,0,73.5,140
6/10/2017,8.05,0,77.5,120
6/11/2017,8.5,0,81,150
6/12/2017,9.62,0.6,82,210
6/13/2017,10.51,0,82.5,170
6/14/2017,8.5,0.02,85,190
6/15/2017,6.26,0,85.5,240
6/16/2017,8.5,0,85,220
6/17/2017,9.84,0,84,190
6/18/2017,6.71,0,84.5,180
6/19/2017,5.82,0,84,320
6/20/2017,7.16,0,82.5,50
6/21/2017,10.51,0.01,79.5,60
6/22/2017,10.51,1.19,80.5,20
6/23/2017,9.4,0.46,84,40
6/24/2017,6.93,0.22,80,30
6/25/2017,5.59,0,76.5,70
6/26/2017,4.03,0,77.5,70
6/27/2017,3.8,0,79.5,120
6/28/2017,5.82,0,79.5,130
6/29/2017,8.5,0,82.5,170
6/30/2017,9.62,0,87,210
7/1/2017,6.49,0.29,81.5,350
7/2/2017,7.61,0,82.5,350
7/3/2017,8.05,0,86,190
7/4/2017,8.72,0,85.5,250
7/5/2017,6.93,0.01,84,330
7/6/2017,6.71,0.1,82.5,290
7/7/2017,5.14,0,84,150
7/8/2017,6.04,0,84.5,290
7/9/2017,3.13,0.01,84,130
7/10/2017,4.7,0,81.5,170
7/11/2017,5.59,0,85.5,190
7/12/2017,6.26,0.93,85.5,150
7/13/2017,4.92,0.24,86,150
7/14/2017,5.14,0,85,20
7/15/2017,3.8,0,83.5,330
7/16/2017,4.7,0,85,40
7/17/2017,4.47,0,86,40
7/18/2017,3.8,0,88,120
7/19/2017,3.13,0,88,260
7/20/2017,2.91,0,89.5,250
7/21/2017,3.8,0,88.5,300
7/22/2017,6.71,0.04,88,250
7/23/2017,7.16,0,86.5,190
7/24/2017,6.93,0,84,250
7/25/2017,7.61,0,87,180
7/26/2017,7.61,0,87.5,220
7/27/2017,8.28,0,87,200
7/28/2017,8.95,0,90,230
7/29/2017,5.37,0.07,84.5,50
7/30/2017,6.26,0,81,40
7/31/2017,6.04,0,82.5,60
8/1/2017,3.58,0.61,83.5,260
8/2/2017,5.14,0.29,78.5,140
8/3/2017,3.13,0,82.5,160
8/4/2017,,0.04,83.5,40
8/5/2017,,0,82,200
8/6/2017,8.28,0.07,82,10
8/7/2017,5.37,2.04,77.5,230
8/8/2017,5.59,0.02,80,50
8/9/2017,5.14,0.05,82,150
8/10/2017,3.58,0,83.5,330
8/11/2017,6.71,0.02,86,240
8/12/2017,3.58,0,85,210
8/13/2017,4.25,0.06,82,230
8/14/2017,7.16,0,86.5,240
8/15/2017,8.95,0,86.5,150
8/16/2017,9.17,0,87.5,160
8/17/2017,7.61,0,83,330
8/18/2017,6.49,0,88,230
8/19/2017,5.59,0,89,200
8/20/2017,3.36,0,86.5,140
8/21/2017,4.7,0,85,140
8/22/2017,3.58,0,87,160
8/23/2017,6.04,0,85.5,120
8/24/2017,7.38,0,82.5,70
8/25/2017,6.49,0,79,50
8/26/2017,6.71,0,80,60
8/27/2017,5.82,0.03,77.5,120
8/28/2017,6.71,0.01,75.5,60
8/29/2017,8.5,0.06,75.5,10
8/30/2017,14.76,2.38,73,360
8/31/2017,9.62,0.04,78,320
9/1/2017,2.01,0,78,20
9/2/2017,1.57,0,80,50
9/3/2017,2.91,0,80.5,140
9/4/2017,4.92,0,82,200
9/5/2017,6.71,0.35,81,320
9/6/2017,6.93,0,72,310
9/7/2017,2.46,0,69,30
9/8/2017,3.8,0,70.5,40
9/9/2017,6.26,0,72.5,60
9/10/2017,7.83,0,74,70
9/11/2017,5.82,0,72,20
9/12/2017,3.8,0,68.5,210
9/13/2017,3.8,0,75,220
9/14/2017,3.8,0,76,130
9/15/2017,4.47,0,77.5,170
9/16/2017,2.91,0,80,140
9/17/2017,1.57,0,81.5,120
9/18/2017,5.59,0,83.5,190
9/19/2017,7.16,0,82.5,170
9/20/2017,8.28,0,86,130
9/21/2017,6.04,0,83.5,120
9/22/2017,2.91,0,82.5,150
9/23/2017,3.58,0,83.5,120
9/24/2017,3.8,0,82.5,130
9/25/2017,4.92,0,81,120
9/26/2017,2.46,0,79.5,80
9/27/2017,3.13,0,81.5,50
9/28/2017,7.38,0,82,60
9/29/2017,7.61,0,77.5,30
9/30/2017,7.16,0,76,50
10/1/2017,5.37,0,76,140
10/2/2017,8.72,0,78,120
10/3/2017,8.28,0.01,77.5,130
10/4/2017,5.59,0,78,120
10/5/2017,2.91,0,75.5,120
10/6/2017,3.58,0,75,170
10/7/2017,3.8,0.01,79.5,340
10/8/2017,4.25,0,81,200
10/9/2017,6.04,0,83.5,170
10/10/2017,8.95,0,72.5,330
10/11/2017,4.92,0,66,10
10/12/2017,2.91,0,72,140
10/13/2017,4.25,0,76.5,130
10/14/2017,5.82,0,80.5,200
10/15/2017,8.05,0,71,330
10/16/2017,8.05,0,62,60
10/17/2017,3.8,0,60.5,40
10/18/2017,2.46,0,63,160
10/19/2017,3.36,0,66,100
10/20/2017,6.49,0,69.5,140
10/21/2017,10.51,0,77,160
10/22/2017,8.5,0.83,66,320
10/23/2017,4.25,0,64.5,240
10/24/2017,11.18,0,61.5,300
10/25/2017,4.7,0,58.5,310
10/26/2017,10.74,0,68.5,200
10/27/2017,10.07,0,53,330
10/28/2017,8.05,0,48,310
10/29/2017,7.83,0,50.5,230
10/30/2017,6.71,0,64.5,250
10/31/2017,6.71,0.28,55,70
11/1/2017,8.05,0.53,64.5,140
11/2/2017,10.96,0,80,200
11/3/2017,7.38,0,80.5,220
11/4/2017,8.95,0,79,190
11/5/2017,9.84,0,79.5,200
11/6/2017,9.4,0,80,190
11/7/2017,7.16,0,65.5,320
11/8/2017,7.83,0.64,53,20
11/9/2017,4.7,0,54.5,350
11/10/2017,3.58,0,53.5,80
11/11/2017,4.92,0,54,130
11/12/2017,4.03,0.01,66,330
11/13/2017,4.92,0,61,60
11/14/2017,4.92,0,62.5,120
11/15/2017,4.7,0,66,210
11/16/2017,4.92,0,67,120
11/17/2017,10.51,0,70.5,200
11/18/2017,16.11,0,65.5,320
11/19/2017,5.59,0,52,340
11/20/2017,4.92,0,48,160
11/21/2017,5.14,0,50.5,140
11/22/2017,7.38,0,49,30
11/23/2017,0.89,0,46.5,320
11/24/2017,4.7,0,54,190
11/25/2017,2.68,0,59,10
11/26/2017,2.46,0,56.5,350
11/27/2017,4.25,0,54.5,170
11/28/2017,4.7,0,59,150
11/29/2017,4.47,0,61,240
11/30/2017,3.8,0,58,310
12/1/2017,1.34,0,58,340
12/2/2017,2.91,0,61,140
12/3/2017,6.93,0,63,150
12/4/2017,10.29,0,69,200
12/5/2017,9.4,0.19,59.5,10
12/6/2017,5.14,0,47,40
12/7/2017,8.5,0,44.5,340
12/8/2017,5.59,0,37,350
12/9/2017,5.59,0,42.5,320
12/10/2017,5.37,0,47.5,250
12/11/2017,4.7,0,54.5,240
12/12/2017,8.5,0,49,350
12/13/2017,7.38,0,48,220
12/14/2017,4.03,0,47,330
12/15/2017,3.13,0,45,230
12/16/2017,6.49,0.81,45,140
12/17/2017,2.46,0.7,47.5,320
12/18/2017,2.91,0.03,52,120
12/19/2017,4.92,1.58,63,220
12/20/2017,5.14,0,60.5,280
12/21/2017,8.28,0,63.5,190
12/22/2017,11.41,0.07,61.5,250
12/23/2017,8.5,0,42,280
12/24/2017,7.61,0,42.5,340
12/25/2017,7.61,0,38,60
12/26/2017,7.61,0.02,40.5,30
12/27/2017,10.51,0,38,40
12/28/2017,6.71,0,35.5,60
12/29/2017,6.71,0,42,140
12/30/2017,4.47,0.03,45,30
12/31/2017,10.51,0,35,20
1/1/2018,9.84,0,26.5,10
1/2/2018,7.38,0,25.5,50
1/3/2018,5.37,0,32,320
1/4/2018,2.24,0,34,340
1/5/2018,4.7,0,38.5,150
1/6/2018,5.37,0,43.5,110
1/7/2018,9.17,0.23,49.5,150
1/8/2018,8.95,0,52,340
1/9/2018,5.14,0,49,150
1/10/2018,6.71,0,53.5,140
1/11/2018,10.29,0.75,51,320
1/13/2018,,0,0,300
1/14/2018,,0,0,160
1/15/2018,,0,0,350
1/16/2018,,0,0,350
1/18/2018,3.36,0,28.5,60
1/19/2018,7.61,0,46,140
1/20/2018,8.5,0,57,160
1/21/2018,12.53,0.02,66.5,180
1/22/2018,11.18,0.09,56.5,270
1/23/2018,5.82,0,48.5,330
1/24/2018,2.46,0,47.5,360
1/25/2018,4.92,0,46,140
1/26/2018,7.16,0,49,130
1/27/2018,5.59,0.02,61.5,30
1/28/2018,7.83,0,54,350
1/29/2018,8.05,0,46.5,320
1/30/2018,,0,0,140
1/31/2018,12.3,0,0,190
2/1/2018,9.84,0,61,20
2/2/2018,9.4,0,44.5,60
2/3/2018,6.93,0.05,42,150
2/4/2018,3.36,0,56,360
2/5/2018,7.83,0,44.5,140
2/6/2018,6.49,1.63,49,270
2/7/2018,9.17,0.98,39,340
2/8/2018,4.7,0,45,120
2/9/2018,4.92,0.02,48,150
2/10/2018,4.7,0.13,0,300
2/11/2018,,0,0,330
2/12/2018,8.72,0,0,80
2/13/2018,4.92,0.05,40.5,70
2/15/2018,,0,0,190
2/18/2018,,0,0,120
2/19/2018,,0,0,170
2/20/2018,,0,0,160
2/21/2018,12.97,3.47,62.5,30
2/22/2018,,0.05,0,40
2/23/2018,,0,0,60
2/24/2018,9.4,0.59,66.5,190
2/25/2018,4.92,0.18,54.5,150
2/26/2018,3.58,0,59,120
2/27/2018,7.61,1.03,58.5,150
2/28/2018,10.51,0,74.5,200
3/1/2018,7.38,1.34,64,350
3/2/2018,5.82,0,59.5,90
3/3/2018,6.71,0,58.5,150
3/4/2018,7.61,0,62,140
3/5/2018,10.29,0.05,66,200
3/6/2018,8.5,0,55,290
3/7/2018,9.17,0,48.5,340
3/8/2018,3.58,0,52,340
3/9/2018,11.63,0,59,200
3/10/2018,12.97,0,0,180
3/11/2018,14.99,0,0,180
3/12/2018,7.61,0,0,180
3/13/2018,4.7,0,52.5,360
3/14/2018,2.91,0,53,100
3/15/2018,10.74,0,58.5,210
3/16/2018,10.07,0,73,240
3/17/2018,7.83,0.05,74,170
3/18/2018,6.93,0.04,69,130
3/19/2018,13.87,0,66.5,310
3/20/2018,11.18,0,56.5,320
3/21/2018,5.37,0,57.5,330
3/22/2018,7.61,0,58.5,140
3/23/2018,12.53,0,66,190
3/24/2018,10.96,0,72,230
3/25/2018,6.93,0,69,220
3/26/2018,10.51,0,72.5,180
3/27/2018,10.74,0.19,74,200
3/28/2018,7.83,2.75,62.5,20
3/29/2018,10.51,0.64,67,130
3/30/2018,6.49,0,61.5,340
3/31/2018,10.07,0,64.5,170
4/1/2018,8.5,0,68,200
4/2/2018,9.62,0,74,180
4/3/2018,12.75,0.46,70,300
4/4/2018,8.5,0,56.5,10
4/5/2018,8.5,0,56.5,120
4/6/2018,8.72,1.1,70,360
4/7/2018,12.3,0.09,49.5,30
4/8/2018,5.82,0,48.5,120
4/9/2018,5.37,0,60.5,70
4/10/2018,6.71,0,60,330
4/11/2018,7.38,0,61,190
4/12/2018,13.87,0,69.5,170
4/13/2018,12.53,1.11,71.5,130
4/14/2018,10.74,0.44,55.5,320
4/15/2018,11.63,0,50,300
4/16/2018,5.14,0,57,190
4/17/2018,13.42,0,68,170
4/18/2018,10.51,0,71.5,240
4/19/2018,9.62,0,60.5,330
4/20/2018,8.5,0,58,60
4/21/2018,7.38,2.1,61,140
4/22/2018,7.61,0.17,58,310
4/23/2018,6.71,0,60,300
4/24/2018,4.47,0,67,330
4/25/2018,6.26,0.04,67.5,330
4/26/2018,5.59,0,59.5,330
4/27/2018,3.8,0,65.5,350
4/28/2018,2.68,0,68.5,360
4/29/2018,4.92,0,69.5,130
4/30/2018,8.05,0,70,150
5/1/2018,9.62,0,75.5,160
5/2/2018,11.63,0,77.5,150
5/3/2018,9.4,0,77.5,170
5/4/2018,5.82,0.29,73,290
5/5/2018,4.47,0.16,72.5,300
5/6/2018,1.79,0,73.5,330
5/7/2018,2.91,0,76.5,220
5/8/2018,6.71,0,78.5,200
5/9/2018,10.07,0,78.5,190
5/10/2018,9.17,0,77.5,200
5/11/2018,11.63,0,78.5,180
5/12/2018,7.83,0,80.5,180
5/13/2018,6.71,0,81,230
5/14/2018,6.93,0,82,180
5/15/2018,5.37,0,82,240
5/16/2018,3.58,0,79,10
5/17/2018,4.7,0,79.5,300
5/18/2018,6.04,0.15,81.5,200
5/19/2018,9.4,0,83.5,200
5/20/2018,6.26,0.02,83,110
5/21/2018,2.91,0,81,70
5/22/2018,4.03,0,81.5,140
5/23/2018,4.25,0,82.5,140
5/24/2018,3.36,0,81.5,60
5/25/2018,4.7,0,84.5,270
5/26/2018,5.82,0,85,140
5/27/2018,5.82,0,82.5,140
5/28/2018,4.92,0,84.5,140
5/29/2018,2.68,0,85.5,320
5/30/2018,8.95,0,88,180
5/31/2018,11.86,0,86,170
6/1/2018,8.95,0,86.5,200
6/2/2018,8.28,0,87,230
6/3/2018,6.93,0.11,85,330
6/4/2018,3.58,0.03,79,20
6/5/2018,3.8,0.67,77,340
6/6/2018,4.92,0,80.5,140
6/7/2018,4.25,0,83,120
6/8/2018,5.59,0,85,140
6/9/2018,5.59,0,85.5,190
6/10/2018,8.72,0,83.5,180
6/11/2018,11.41,0,85,170
6/12/2018,8.05,0,87,220
6/13/2018,8.28,0,88,70
6/14/2018,7.38,0,85.5,150
6/15/2018,7.61,0,86,160
6/16/2018,7.61,0,87.5,180
6/17/2018,10.74,0.11,85.5,150
6/18/2018,11.18,0,83.5,140
6/19/2018,9.17,0,83,150
6/20/2018,5.59,0.21,80,180
6/21/2018,6.71,0,85,230
6/22/2018,12.53,0,89.5,250
6/23/2018,10.51,0,89,200
6/24/2018,10.51,0,87.5,360
6/25/2018,9.84,0.03,88,140
6/26/2018,9.4,0,88,170
6/27/2018,9.84,0,88.5,230
6/28/2018,9.4,0,89,190
6/29/2018,10.51,0,90.5,230
6/30/2018,8.72,0,89.5,180
7/1/2018,9.4,0,89.5,220
7/2/2018,5.82,0,90,100
7/3/2018,5.37,0.02,90,60
7/4/2018,7.83,0,86.5,130
7/5/2018,4.03,0.38,88.5,180
7/6/2018,5.82,0.32,86.5,10
7/7/2018,5.82,0,85,30
7/8/2018,6.04,1.96,84.5,140
7/9/2018,3.8,0,83,160
7/10/2018,5.82,0,85.5,220
7/11/2018,2.91,0,86,190
7/12/2018,2.68,0.29,83.5,210
7/13/2018,3.13,0,86,320
7/14/2018,6.93,0,88.5,210
7/15/2018,7.38,0,89.5,230
7/16/2018,8.05,0,91.5,230
7/17/2018,8.05,0,90.5,250
7/18/2018,7.16,0.05,87,230
7/19/2018,7.61,0,93,200
7/20/2018,8.5,0,93,220
7/21/2018,8.28,0,94,220
7/22/2018,5.82,0,92.5,40
7/23/2018,6.04,0,90,80
7/24/2018,5.82,0,87,40
7/25/2018,3.36,0,87.5,150
7/26/2018,4.47,0,89.5,150
7/27/2018,5.82,0.04,90.5,250
7/28/2018,4.7,0.12,82,350
7/29/2018,3.58,1.78,84.5,350
7/30/2018,4.92,0,83.5,290
7/31/2018,4.92,0.25,82,200
8/1/2018,4.7,0,81.5,350
8/2/2018,2.91,0,80,50
8/3/2018,4.03,0,81.5,150
8/4/2018,7.61,0,85,170
8/5/2018,5.59,0,85.5,150
8/6/2018,6.26,0,87,140
8/7/2018,6.04,0.07,86.5,170
8/8/2018,6.49,0,87,300
8/9/2018,6.26,0.01,85.5,250
8/10/2018,6.71,0.41,80,250
8/11/2018,5.37,0.17,84.5,140
8/12/2018,4.92,1.04,77.5,200
8/13/2018,6.26,0,83,190
8/14/2018,7.61,0,85.5,190
8/15/2018,10.51,0,87.5,210
8/16/2018,6.49,0,89,190
8/17/2018,8.5,0,89,20
8/18/2018,8.05,0,89,240
8/19/2018,9.84,0,89.5,200
8/20/2018,10.74,0,89,230
8/21/2018,5.37,0,83.5,280
8/22/2018,2.91,0,82,330
8/23/2018,3.8,0,83.5,130
8/24/2018,7.16,0,86.5,130
8/25/2018,6.71,0,87.5,150
8/26/2018,6.71,0,86.5,160
8/27/2018,8.72,0,87.5,150
8/28/2018,7.83,0,87,140
8/29/2018,6.26,0.01,86.5,120
8/30/2018,4.25,0,85,70
8/31/2018,5.37,0,86.5,40
9/1/2018,8.72,0,85,110
9/2/2018,8.05,0.06,83.5,130
9/3/2018,8.05,0.48,81.5,140
9/4/2018,6.04,0,85,140
9/5/2018,3.58,0,86,330
9/6/2018,3.36,0,84.5,200
9/7/2018,4.25,0.67,86,220
9/8/2018,5.14,0.81,80.5,240
9/9/2018,5.82,0,79,330
9/10/2018,6.04,2.77,71.5,70
9/11/2018,4.92,0.04,73.5,40
9/12/2018,4.92,0,79.5,120
9/13/2018,4.47,0,81.5,50
9/14/2018,3.8,0.34,85,130
9/15/2018,4.7,0,85.5,50
9/16/2018,2.01,0,84.5,320
9/17/2018,1.12,0,86.5,10
9/18/2018,1.34,0,87,280
9/19/2018,2.24,0,87,230
9/20/2018,6.26,0,84.5,190
9/21/2018,5.82,0.1,84,160
9/22/2018,5.14,3.05,77,110
9/23/2018,5.82,0.59,78.5,130
9/24/2018,5.82,0,79,240
9/25/2018,6.71,0.01,82.5,140
9/26/2018,5.37,0.14,77.5,330
9/27/2018,5.59,0.02,67.5,360
9/28/2018,5.14,0,71,30
9/29/2018,3.8,0,73.5,70
9/30/2018,2.46,1.05,75,100
10/1/2018,1.79,0,78.5,130
10/2/2018,2.91,0,80,110
10/3/2018,5.37,0,82,200
10/4/2018,4.7,0,81.5,150
10/5/2018,6.04,0,82.5,140
10/6/2018,6.04,0.03,81.5,150
10/7/2018,6.93,0,81.5,130
10/8/2018,8.28,0.08,81,170
10/9/2018,8.72,0.75,76,290
10/10/2018,6.49,0,72.5,330
10/11/2018,5.37,0,66,10
10/12/2018,4.03,0.21,63.5,150
10/13/2018,9.62,0.55,71,140
10/14/2018,3.58,0.54,78,180
10/15/2018,9.4,0.49,63.5,320
10/16/2018,8.95,2.3,51.5,10
10/17/2018,8.5,0,56.5,20
10/18/2018,6.49,0,63.5,60
10/19/2018,2.91,0.5,64.5,340
10/20/2018,6.49,0.11,64,360
10/21/2018,6.49,0,57,60
10/22/2018,0.67,0,54.5,40
10/23/2018,3.36,0,61,50
10/24/2018,5.82,1.02,60,50
10/25/2018,6.04,0.58,57.5,70
10/26/2018,6.26,0,58.5,320
10/27/2018,2.01,0,65.5,210
10/28/2018,5.82,0,72.5,240
10/29/2018,4.92,0,69.5,180
10/30/2018,10.29,0,73,210
10/31/2018,9.62,1.17,73,280
11/1/2018,9.84,0.02,57,290
11/2/2018,5.82,0,57.5,220
11/3/2018,9.84,0,62,180
11/4/2018,5.37,0.59,59,290
11/5/2018,5.37,0.05,62.5,150
11/6/2018,4.92,0,69,100
11/7/2018,8.72,0.27,62.5,350
11/8/2018,7.38,0.81,56,60
11/9/2018,10.29,0.3,51.5,20
11/10/2018,5.82,0,44,360
11/11/2018,6.04,0.5,47,150
11/12/2018,10.29,2.21,45.5,360
11/13/2018,10.51,0,38,340
11/14/2018,5.82,0,39.5,290
11/15/2018,4.25,0,43,190
11/16/2018,6.04,0,53.5,190
11/17/2018,4.25,0,55,170
11/18/2018,5.82,0,55,300
11/19/2018,4.7,0.13,46,340
11/20/2018,3.8,0,46.5,330
11/21/2018,1.57,0,46.5,50
11/22/2018,2.91,0,48.5,130
11/23/2018,6.49,0.09,55.5,150
11/24/2018,4.92,0,57,190
11/25/2018,11.41,0,56.5,310
11/26/2018,9.17,0,43.5,310
11/27/2018,4.03,0,46,250
11/28/2018,9.4,0,53,200
11/29/2018,9.62,0,63.5,200
11/30/2018,8.05,0.16,70,170
12/1/2018,10.96,0,67,250
12/2/2018,6.49,0,60,330
12/3/2018,7.61,0,49.5,330
12/4/2018,5.82,0,42,330
12/5/2018,4.47,0,43.5,320
12/6/2018,6.71,0.09,46,140
12/7/2018,8.95,2.74,46,50
12/8/2018,11.41,1.66,41.5,80
12/9/2018,8.28,0,43.5,340
12/10/2018,2.46,0,41,360
12/11/2018,5.37,0,45,180
12/12/2018,8.95,0,53.5,180
12/13/2018,6.71,1.36,57.5,130
12/14/2018,6.71,0.87,52,310
12/15/2018,6.04,0,48,290
12/16/2018,2.68,0,51.5,150
12/17/2018,0.89,0,50.5,110
12/18/2018,2.01,0,45,330
12/19/2018,4.03,0.33,47.5,120
12/20/2018,12.97,0.03,54,320
12/21/2018,8.72,0,48.5,310
12/22/2018,9.62,0,54,200
12/23/2018,6.71,0,49.5,340
12/24/2018,5.37,0,47,110
12/25/2018,4.25,0,61,100
12/26/2018,15.88,0.62,63,140
12/27/2018,8.28,1.79,59.5,150
12/28/2018,8.95,0,47.5,330
12/29/2018,9.4,0,44.5,50
12/30/2018,4.7,0.81,45,360
12/31/2018,6.26,0.42,52.5,260
1/1/2019,6.71,0,49,20
1/2/2019,8.05,1.04,46.5,70
1/3/2019,7.61,0.83,44.5,260
1/4/2019,8.28,0,45.5,270
1/5/2019,2.46,0,50.5,190
1/6/2019,6.93,0,54,170
1/7/2019,9.62,0,63,220
1/8/2019,6.93,0,63.5,10
1/9/2019,7.16,0,49.5,30
1/10/2019,4.47,0,43.5,70
1/11/2019,8.5,0,48.5,130
1/12/2019,10.74,0.29,53.5,290
1/13/2019,10.51,0,43,330
1/14/2019,5.59,0,41.5,340
1/15/2019,2.91,0,44,160
1/16/2019,6.49,0,52.5,180
1/17/2019,8.05,0.01,61,240
1/18/2019,7.16,0.07,54.5,180
1/19/2019,16.55,0.2,51,250
1/20/2019,5.37,0,38.5,340
1/21/2019,10.51,0,42.5,140
1/22/2019,13.42,0.49,59,150
1/23/2019,10.51,1.49,45,290
1/24/2019,1.34,0,42,230
1/25/2019,3.8,0,43.5,60
1/26/2019,3.36,0,49.5,220
1/27/2019,2.68,0,50.5,240
1/28/2019,9.4,0.17,52.5,310
1/29/2019,6.49,0,38.5,340
1/30/2019,4.03,0,39.5,130
1/31/2019,6.71,0,43.5,130
2/1/2019,3.58,0,54.5,100
2/2/2019,3.58,0,54.5,150
2/3/2019,7.61,0,59.5,160
2/4/2019,9.62,0,71,200
2/5/2019,8.72,0.04,72,190
2/6/2019,10.96,0,73,190
2/7/2019,13.87,0.41,53.5,180
2/8/2019,10.07,0.06,32,350
2/9/2019,7.61,0.03,37,30
2/10/2019,5.14,0,53.5,130
2/11/2019,6.49,0.59,60,190
2/12/2019,10.51,0,52.5,320
2/13/2019,6.49,0,49,170
2/14/2019,11.41,0,62,210
2/15/2019,8.5,0,64,330
2/16/2019,7.61,0,46.5,130
2/17/2019,8.5,0.02,47.5,340
2/18/2019,9.62,0,45.5,60
2/19/2019,10.07,0.46,42,90
2/20/2019,4.47,0.05,48,330
2/21/2019,8.05,0.52,43.5,80
2/22/2019,4.03,0.75,50.5,80
2/23/2019,10.29,0.16,63.5,280
2/24/2019,8.28,0,51,290
2/25/2019,5.82,0,49,140
2/26/2019,4.7,0.02,51,130
2/27/2019,1.34,0.03,60.5,140
2/28/2019,8.28,0.01,51.5,340
3/1/2019,4.92,0.01,45.5,330
3/2/2019,6.04,0.02,51.5,80
3/3/2019,11.41,0.44,44,330
3/4/2019,11.63,0,34.5,330
3/5/2019,7.83,0,37,330
3/6/2019,4.25,0,40,140
3/7/2019,10.51,0,55.5,180
3/8/2019,11.18,0,69.5,200
3/9/2019,10.07,0.17,64.5,250
3/10/2019,5.82,0,62,60
3/11/2019,8.28,0.1,56,30
3/12/2019,7.38,0,62,140
3/13/2019,9.62,0.79,65,150
3/14/2019,11.63,0.53,63.5,280
3/15/2019,9.84,0,53.5,340
3/16/2019,5.82,0,52,340
3/17/2019,2.46,0,54,60
3/18/2019,3.36,0,57.5,90
3/19/2019,5.82,0,59.5,160
3/20/2019,5.82,0,59,330
3/21/2019,6.71,0,60.5,310
3/22/2019,2.68,0,60,10
3/23/2019,8.28,0,64.5,180
3/24/2019,7.61,0,67.5,190
3/25/2019,8.95,0.38,66.5,280
3/26/2019,5.82,0,59.5,330
3/27/2019,4.25,0,57.5,160
3/28/2019,9.62,0,63.5,170
3/29/2019,9.62,0.04,65.5,150
3/30/2019,11.18,0.08,60.5,320
3/31/2019,8.95,0,50,30
4/1/2019,3.13,0.01,44.5,340
4/2/2019,1.79,0,51.5,240
4/3/2019,8.5,0,58.5,150
4/4/2019,6.93,0.1,64.5,150
4/5/2019,6.49,0,66.5,150
4/6/2019,6.04,0.35,66.5,140
4/7/2019,6.26,0.15,71,100
4/8/2019,6.71,0.06,70.5,330
4/9/2019,2.91,0,71,330
4/10/2019,11.63,0,73,170
4/11/2019,10.29,0,68,190
4/12/2019,6.93,0,62,60
4/13/2019,10.29,0.22,58.5,340
4/14/2019,10.51,0.03,57,240
4/15/2019,6.71,0,61.5,200
4/16/2019,9.84,0,68,140
4/17/2019,9.62,0,70.5,160
4/18/2019,7.16,1.48,62,290
4/19/2019,10.29,0,60,320
4/20/2019,4.03,0,61,240
4/21/2019,7.83,0,67,190
4/22/2019,7.38,0,69.5,180
4/23/2019,7.61,0,72.5,170
4/24/2019,5.82,0.96,70,180
4/25/2019,7.38,0,70,300
4/26/2019,5.59,0,69.5,50
4/27/2019,10.51,0,71.5,170
4/28/2019,9.84,0,75,140
4/29/2019,8.72,0,74.5,130
4/30/2019,12.08,0,79.5,160
5/1/2019,10.51,0,79,160
5/2/2019,8.72,0.58,74,200
5/3/2019,4.7,0.33,71.5,200
5/4/2019,4.47,1.2,70.5,330
5/5/2019,2.68,0,71,110
5/6/2019,5.82,0,74.5,150
5/7/2019,6.93,0,78,140
5/8/2019,10.51,1.59,73.5,290
5/9/2019,5.14,3.56,75,250
5/10/2019,9.17,0.02,66.5,340
5/11/2019,5.82,0.38,67,330
5/12/2019,4.92,0.01,69,320
5/13/2019,1.57,0,71,20
5/14/2019,3.58,0,74.5,270
5/15/2019,5.14,0,77,260
5/16/2019,7.38,0,78.5,150
5/17/2019,8.95,0,77.5,140
5/18/2019,11.63,0.23,78.5,130
5/19/2019,7.16,0.47,80.5,150
5/20/2019,12.3,0,80.5,150
5/21/2019,10.07,0.11,77.5,160
5/22/2019,11.63,0,80.5,180
5/23/2019,9.84,0,82.5,140
5/24/2019,8.5,0,81,130
5/25/2019,7.83,0,81.5,190
5/26/2019,8.05,0,82.5,170
5/27/2019,9.4,0,81.5,170
5/28/2019,10.96,0,83,160
5/29/2019,11.41,0,84,170
5/30/2019,6.04,0.28,80,160
5/31/2019,2.68,0,79.5,310
6/1/2019,1.57,0,81,230
6/2/2019,3.58,0,83,140
6/3/2019,4.92,0.01,83,330
6/4/2019,5.14,1.01,83.5,160
6/5/2019,6.49,0.98,77,170
6/6/2019,5.14,0,80.5,260
6/7/2019,6.04,0.03,78,300
6/8/2019,4.7,0,81,320
6/9/2019,4.7,0,82,350
6/10/2019,9.4,0,79,360
6/11/2019,4.92,0,74,110
6/12/2019,4.25,0,75.5,320
6/13/2019,4.92,0,77,330
6/14/2019,9.4,0,78.5,200
6/15/2019,10.74,0,83.5,210
6/16/2019,9.17,0.63,75.5,250
6/17/2019,2.46,0,77,260
6/18/2019,4.03,0,82,310
6/19/2019,8.28,2.2,81,300
6/20/2019,8.5,0.44,82,150
6/21/2019,12.3,0,88,180
6/22/2019,10.96,0,87.5,180
6/23/2019,10.07,2.19,81,250
6/24/2019,6.71,0.2,77,140
6/25/2019,6.93,0.48,80.5,150
6/26/2019,5.37,0.2,81,180
6/27/2019,3.13,0.04,81.5,240
6/28/2019,3.8,0,83,120
6/29/2019,4.92,0.75,78.5,80
6/30/2019,4.25,0.05,81.5,90
7/1/2019,5.37,0.04,81,190
7/2/2019,6.04,0,83,150
7/3/2019,6.71,0.63,83.5,160
7/4/2019,6.71,0.16,83.5,200
7/5/2019,6.04,0,86,230
7/6/2019,5.14,0,85,210
7/7/2019,5.37,0.2,83.5,350
7/8/2019,4.25,0,85,230
7/9/2019,4.7,0,87,220
7/10/2019,4.25,0,85,330
7/11/2019,7.83,0,85.5,10
7/12/2019,8.72,0.03,84.5,60
7/13/2019,12.3,0.06,83,60
7/14/2019,7.38,0.16,77,60
7/15/2019,9.84,0.01,81.5,240
7/16/2019,12.08,0,88,230
7/17/2019,8.95,0,87.5,200
7/18/2019,9.4,0,87.5,230
7/19/2019,8.5,0,86.5,230
7/20/2019,7.83,0,87.5,180
7/21/2019,6.93,0,87,240
7/22/2019,6.93,0,86.5,310
7/23/2019,10.29,0.01,80.5,40
7/24/2019,5.82,0,77,50
7/25/2019,4.47,0,79,50
7/26/2019,4.7,0,79.5,120
7/27/2019,5.14,0,82,140
7/28/2019,6.26,0.01,85,180
7/29/2019,6.49,0.03,84,290
7/30/2019,4.7,0,85,140
7/31/2019,3.36,0,85,20
8/1/2019,2.68,0,85,60
8/2/2019,3.36,0,84.5,60
8/3/2019,3.58,0,84,350
8/4/2019,2.91,0,86,40
8/5/2019,2.68,0,87.5,120
8/6/2019,5.82,0.02,87.5,140
8/7/2019,7.16,0,89,240
8/8/2019,7.61,0,89.5,240
8/9/2019,8.5,0,89,230
8/10/2019,6.71,0,89.5,220
8/11/2019,5.37,0,90.5,220
8/12/2019,5.82,0,90.5,130
8/13/2019,4.47,0,92,230
8/14/2019,4.92,0.02,85,120
8/15/2019,4.47,0,87.5,60
8/16/2019,4.03,0,86,150
8/17/2019,7.61,0,87.5,150
8/18/2019,8.28,0,88.5,150
8/19/2019,5.82,0,89,190
8/20/2019,4.25,0.16,89.5,100
8/21/2019,5.14,0,88.5,180
8/22/2019,7.61,0,87.5,190
8/23/2019,6.71,0.01,87,150
8/24/2019,6.71,0.42,85.5,110
8/25/2019,7.38,0.02,83,140
8/26/2019,8.5,0,87,190
8/27/2019,6.49,1.21,81,40
8/28/2019,3.36,0,85,60
8/29/2019,3.8,0,85,140
8/30/2019,3.58,0,86,300
8/31/2019,3.13,0,85.5,20
9/1/2019,3.36,0,84,70
9/2/2019,3.36,0,85,40
9/3/2019,1.79,0,86,70
9/4/2019,2.01,0,86,10
9/5/2019,1.57,0,85.5,330
9/6/2019,2.24,0,88,240
9/7/2019,4.92,0,89,300
9/8/2019,6.26,0,89.5,160
9/9/2019,7.38,0,86,150
9/10/2019,6.26,0,84.5,120
9/11/2019,5.37,0,85,140
9/12/2019,2.68,0,85,140
9/13/2019,3.13,0,86,90
9/14/2019,4.92,0,88,60
9/15/2019,3.36,0,86.5,90
9/16/2019,4.92,0,86,180
9/17/2019,6.93,0,84.5,140
9/18/2019,7.38,0.14,83.5,100
9/19/2019,10.51,0.21,80,140
9/20/2019,10.29,0.58,78.5,180
9/21/2019,6.93,0,82,150
9/22/2019,7.83,0,83.5,200
9/23/2019,4.92,0,83.5,230
9/24/2019,6.71,0,85.5,200
9/25/2019,7.61,0,82.5,220
9/26/2019,6.04,0,82.5,190
9/27/2019,8.95,0,82.5,160
9/28/2019,7.61,0,84.5,190
9/29/2019,5.59,0,84.5,130
9/30/2019,6.04,0,85.5,190
10/1/2019,5.82,0,84.5,150
10/2/2019,2.01,0,84.5,170
10/3/2019,5.14,1.99,85.5,130
10/4/2019,5.82,0,79,60
10/5/2019,1.79,0,80,330
10/6/2019,3.36,0,82.5,180
10/7/2019,7.61,0.31,70,20
10/8/2019,4.25,0,68.5,70
10/9/2019,5.82,0,72.5,140
10/10/2019,8.28,0,79.5,190
10/11/2019,8.72,0.2,64,320
10/12/2019,4.92,0,56.5,30
10/13/2019,2.24,0.04,59.5,140
10/14/2019,3.36,0.31,65.5,160
10/15/2019,4.7,0.34,75,240
10/16/2019,7.38,0.03,61.5,10
10/17/2019,2.46,0,57.5,60
10/18/2019,4.7,0,63,130
10/19/2019,2.91,0,67.5,140
10/20/2019,6.04,0.61,77.5,220
10/21/2019,7.38,0.82,67.5,310
10/22/2019,4.7,0,61.5,320
10/23/2019,6.49,0,62,130
10/24/2019,6.49,0,64.5,140
10/25/2019,8.5,1.86,59,80
10/26/2019,7.83,0,55,270
10/27/2019,5.59,0,61.5,140
10/28/2019,5.37,0,59,130
10/29/2019,4.47,0.15,63,70
10/30/2019,8.95,0.72,55.5,310
10/31/2019,10.29,0,44.5,330
11/1/2019,1.12,0,46,140
11/2/2019,2.91,0,52,330
11/3/2019,3.58,0,50.5,130
11/4/2019,4.92,0,59,150
11/5/2019,4.92,0,68.5,120
11/6/2019,4.92,0,67.5,140
11/7/2019,7.38,0.22,59,20
11/8/2019,7.83,0,44.5,30
11/9/2019,1.57,0,49,250
11/10/2019,5.14,0,57.5,190
11/11/2019,9.17,0.17,52,340
11/12/2019,11.18,0,34.5,360
11/13/2019,3.36,0.13,34.5,210
11/14/2019,2.46,0.07,42,330
11/15/2019,3.36,0,45.5,330
11/16/2019,2.01,0,45.5,360
11/17/2019,0.89,0,48.5,270
11/18/2019,2.24,0,53.5,240
11/19/2019,2.91,0,60,330
11/20/2019,8.28,0,61.5,140
11/21/2019,9.17,0.03,68.5,170
11/22/2019,8.05,0.03,59,320
11/23/2019,8.5,0,50.5,310
11/24/2019,4.25,0,51,230
11/25/2019,10.29,0,60.5,170
11/26/2019,10.51,0.05,71.5,280
11/27/2019,8.95,0.06,61,300
11/28/2019,8.95,0,56,80
11/29/2019,8.05,0,65,200
11/30/2019,9.4,0.06,67,310
12/1/2019,9.62,0,51,290
12/2/2019,5.82,0,46,330
12/3/2019,4.03,0,49.5,200
12/4/2019,1.12,0,54,260
12/5/2019,6.93,0,58,170
12/6/2019,5.82,0,63,340
12/7/2019,4.92,0,54.5,130
12/8/2019,9.84,0,54.5,170
12/9/2019,12.3,0,69,220
12/10/2019,9.84,0.1,47,10
12/11/2019,2.68,0,42.5,70
12/12/2019,1.79,0,43.5,130
12/13/2019,2.68,0,55,220
12/14/2019,2.68,0,51,50
12/15/2019,9.17,0,62,190
12/16/2019,10.96,0.68,56.5,320
12/17/2019,11.41,0,43.5,330
12/18/2019,2.24,0,43.5,330
12/19/2019,3.36,0,43,140
12/20/2019,3.13,0,40.5,100
12/21/2019,3.8,0.01,46.5,30
12/22/2019,7.16,0,48.5,330
12/23/2019,4.25,0,54.5,340
12/24/2019,1.57,0,57.5,150
12/25/2019,4.03,0,56.5,140
12/26/2019,2.91,0,59.5,170
12/27/2019,2.91,0.07,59.5,110
12/28/2019,8.05,0.2,65,290
12/29/2019,6.49,0.31,53,290
12/30/2019,7.61,0,47,260
12/31/2019,4.03,0,46,330
1/1/2020,6.49,0,45.5,170
1/2/2020,5.37,0.77,54,160
1/3/2020,7.38,0,58,320
1/4/2020,5.37,0,50,330
1/5/2020,7.61,0,55,220
1/6/2020,6.93,0,59.5,220
1/7/2020,4.03,0,51,320
1/8/2020,6.93,0,49,130
1/9/2020,12.75,0,58.5,150
1/10/2020,12.75,0.1,69.5,160
1/11/2020,10.51,2.41,55,270
1/12/2020,4.92,0,40.5,140
1/13/2020,3.58,0.04,50,130
1/14/2020,2.24,1.26,61.5,330
1/15/2020,5.59,0.01,69,180
1/16/2020,9.4,1.57,58,50
1/17/2020,8.95,0,55,150
1/18/2020,10.29,0.25,57.5,350
1/19/2020,8.95,0,46,340
1/20/2020,5.37,0,44,350
1/21/2020,5.59,0,39,120
1/22/2020,8.05,0.73,38.5,130
1/23/2020,5.82,0.72,45,320
1/24/2020,6.71,0,47,310
1/25/2020,5.14,0.02,46,140
1/26/2020,5.59,0.19,52,150
1/27/2020,3.58,0,54.5,160
1/28/2020,6.93,0.46,50,140
1/29/2020,7.16,0.01,49.5,330
1/30/2020,4.92,0.04,47.5,10
1/31/2020,3.8,0.01,47,330
2/1/2020,3.8,0,49,310
2/2/2020,7.61,0,59,210
2/3/2020,10.51,0,59.5,170
2/4/2020,10.07,0.25,64,320
2/5/2020,9.62,0.18,47,310
2/6/2020,7.83,0.06,36,300
2/7/2020,4.92,0,46.5,350
2/8/2020,5.82,0,52.5,130
2/9/2020,10.74,0.03,59.5,170
2/10/2020,4.47,1.7,61.5,310
2/11/2020,9.4,0.92,49.5,10
2/12/2020,6.93,0.52,47.5,300
2/13/2020,9.4,0,46.5,350
2/14/2020,7.16,0,43,50
2/15/2020,5.82,0,45.5,140
2/16/2020,5.14,0,57,130
2/17/2020,9.4,0,63,170
2/18/2020,8.5,0.53,62.5,360
2/19/2020,8.95,0.96,46,40
2/20/2020,11.63,0.61,44,10
2/21/2020,6.49,0,41.5,30
2/22/2020,4.7,0,43.5,140
2/23/2020,7.83,0.06,51.5,140
2/24/2020,10.96,0,61.5,240
2/25/2020,6.93,0,54,340
2/26/2020,11.63,0.01,44.5,330
2/27/2020,5.37,0,43,220
2/28/2020,7.16,0,54,320
2/29/2020,7.83,0,57,190
3/1/2020,13.2,0,63.5,190
3/2/2020,9.62,0,69,210
3/3/2020,5.14,0,68,10
3/4/2020,9.62,1.26,58.5,60
3/5/2020,8.95,0.42,61.5,330
3/6/2020,6.04,0,55,330
3/7/2020,5.37,0,51.5,140
3/8/2020,8.5,0,56.5,150
3/9/2020,10.51,0.04,63.5,160
3/10/2020,4.7,0.02,71.5,220
3/11/2020,10.74,0,72.5,220
3/12/2020,11.41,0,75.5,200
3/13/2020,8.5,0.18,64.5,60
3/14/2020,6.93,0.01,67.5,180
3/15/2020,9.4,0,61.5,340
3/16/2020,3.8,0.03,55,70
3/17/2020,5.37,0.54,65,130
3/18/2020,8.05,0,73,180
3/19/2020,10.51,0.05,77.5,180
3/20/2020,6.71,0.92,63.5,300
3/21/2020,8.05,0.2,53.5,70
3/22/2020,3.58,1,56,130
3/23/2020,4.7,1.29,62,130
3/24/2020,8.5,0,71,210
3/25/2020,4.92,0,68.5,130
3/26/2020,10.74,0,76.5,190
3/27/2020,11.18,0,78.5,170
3/28/2020,9.4,0.08,68.5,320
3/29/2020,3.36,0,63,340
3/30/2020,8.05,0.62,63,60
3/31/2020,6.71,0.02,59.5,350
4/1/2020,3.58,0,60,180
4/2/2020,7.38,0,63.5,140
4/3/2020,5.37,0.04,68,110
4/4/2020,5.82,0.82,61.5,330
4/5/2020,3.36,0,66,340
4/6/2020,4.7,0,69.5,180
4/7/2020,8.05,0,77.5,220
4/8/2020,8.72,0,80.5,210
4/9/2020,6.71,0,72,60
4/10/2020,7.38,0,62,50
4/11/2020,7.16,0,61.5,130
4/12/2020,10.29,1.09,68.5,290
4/13/2020,10.29,0,53.5,330
4/14/2020,9.4,0,53,20
4/15/2020,3.13,0,53.5,320
4/16/2020,8.05,0,57.5,120
4/17/2020,7.61,0.12,65.5,320
4/18/2020,7.16,0.43,60,90
4/19/2020,3.8,0.26,64,350
4/20/2020,2.46,0,64.5,20
4/21/2020,3.58,0,68,160
4/22/2020,9.17,2.73,67.5,130
4/23/2020,6.71,0,68.5,310
4/24/2020,7.61,0.52,69.5,330
4/25/2020,7.83,0,67,330
4/26/2020,2.46,0,67.5,310
4/27/2020,9.4,0,69,150
4/28/2020,9.62,0.19,72,220
4/29/2020,8.72,1.06,68,350
4/30/2020,4.25,0,66,320
5/1/2020,7.16,0,70,190
5/2/2020,10.51,0,74,170
5/3/2020,9.62,0,78.5,170
5/4/2020,9.62,0,79,180
5/5/2020,8.05,0,72.5,340
5/6/2020,4.25,0,68,10
5/7/2020,10.07,0,68.5,150
5/8/2020,12.08,2.19,67.5,340
5/9/2020,6.26,0,62.5,100
5/10/2020,2.24,0,64,100
5/11/2020,7.16,0,68.5,60
5/12/2020,7.83,0,69.5,140
5/13/2020,8.95,0,76.5,140
5/14/2020,9.62,0.06,79,120
5/15/2020,6.71,0.08,78.5,170
5/16/2020,9.4,0.37,75,110
5/17/2020,9.84,0.18,75,320
5/18/2020,4.92,0,73,310
5/19/2020,6.04,0,76,70
5/20/2020,5.14,0.05,70.5,120
5/21/2020,6.93,0,79,180
5/22/2020,8.95,0,82.5,160
5/23/2020,7.38,0.55,76.5,340
5/24/2020,8.05,0.91,78,210
5/25/2020,9.4,1.21,77.5,130
5/26/2020,5.14,0.29,73,340
5/27/2020,4.03,0,73.5,360
5/28/2020,4.47,0.21,73,250
5/29/2020,5.37,0,76,330
5/30/2020,5.37,0,76,80
5/31/2020,5.37,0,77.5,70
6/1/2020,4.03,0,76,80
6/2/2020,2.01,0,79.5,140
6/3/2020,5.14,0,82.5,190
6/4/2020,7.61,0,82,230
6/5/2020,6.04,0,85.5,70
6/6/2020,6.26,0,83,70
6/7/2020,8.95,0,84,60
6/8/2020,8.28,0.03,84,360
6/9/2020,13.87,0.68,84.5,330
6/10/2020,8.5,0,75.5,330
6/11/2020,4.92,0,75.5,320
6/12/2020,4.47,0,77.5,60
6/13/2020,4.03,0,80,30
6/14/2020,4.03,0,81,60
6/15/2020,4.03,0,83,150
6/16/2020,4.03,0,83.5,70
6/17/2020,4.7,0,81,90
6/18/2020,6.49,0,82,140
6/19/2020,6.49,0,83,140
6/20/2020,9.62,0,83.5,220
6/21/2020,7.83,0,84,190
6/22/2020,9.62,0,81.5,200
6/23/2020,6.71,1.79,83,140
6/24/2020,4.47,1.57,82,30
6/25/2020,6.26,0.12,79,140
6/26/2020,7.61,0.06,81.5,180
6/27/2020,9.84,0,85,190
6/28/2020,10.29,0.05,86,130
6/29/2020,10.74,0,85,200
6/30/2020,10.96,0,87,210
7/1/2020,9.84,0,88,230
7/2/2020,6.49,0,87,200
7/3/2020,5.82,0.6,83,50
7/4/2020,3.58,0,83,120
7/5/2020,4.92,3.74,80.5,10
7/6/2020,5.37,0.24,81.5,340
7/7/2020,5.82,0.51,79,180
7/8/2020,6.49,0,85.5,240
7/9/2020,8.28,0,86.5,230
7/10/2020,5.82,0,87,230
7/11/2020,4.92,0,87.5,260
7/12/2020,4.7,0,86,240
7/13/2020,4.7,0,87,130
7/14/2020,7.83,0,88,190
7/15/2020,8.05,0,87,190
7/16/2020,6.26,0,87.5,150
7/17/2020,7.38,0,84,140
7/18/2020,5.37,0,85.5,140
7/19/2020,4.92,0,87,140
7/20/2020,5.37,0,86.5,140
7/21/2020,4.92,0.44,84,110
7/22/2020,4.47,0.03,83.5,250
7/23/2020,4.7,0,85,60
7/24/2020,7.61,0.01,85,130
7/25/2020,5.82,0.32,84.5,130
7/26/2020,5.37,0,83,150
7/27/2020,4.25,0,82.5,120
7/28/2020,3.58,0,84.5,180
7/29/2020,8.72,0,85,190
7/30/2020,11.18,0.01,86,320
7/31/2020,7.38,1.35,78,330
8/1/2020,4.7,0,81.5,320
8/2/2020,2.24,0,81.5,20
8/3/2020,3.8,0,82.5,320
8/4/2020,4.92,0,80.5,320
8/5/2020,3.58,0,79,300
8/6/2020,4.7,0,81.5,110
8/7/2020,5.14,0,85,120
8/8/2020,3.8,0,85,140
8/9/2020,7.61,0,87,220
8/10/2020,7.38,0,87.5,210
8/11/2020,8.28,0,87.5,240
8/12/2020,5.82,0,81.5,40
8/13/2020,6.26,0,87.5,140
8/14/2020,6.49,0,88,350
8/15/2020,4.47,0,89,280
8/16/2020,4.03,0,89.5,340
8/17/2020,4.92,0,84.5,80
8/18/2020,4.25,0,83.5,340
8/19/2020,5.14,0,81.5,330
8/20/2020,4.7,0,79,360
8/21/2020,2.68,0,82,320
8/22/2020,4.03,0,84.5,40
8/23/2020,5.37,0,84.5,20
8/24/2020,5.14,0,83.5,50
8/25/2020,6.93,0,85,50
8/26/2020,7.61,0.01,88,110
8/27/2020,15.21,2.35,77.5,340
8/28/2020,8.28,0,83,220
8/29/2020,7.16,0,88,220
8/30/2020,6.71,0,83.5,340
8/31/2020,7.83,0.03,89,250
9/1/2020,10.51,0,87.5,190
9/2/2020,8.05,0.17,83.5,220
9/3/2020,3.58,0.34,81.5,280
9/4/2020,4.92,0.4,83,100
9/5/2020,4.92,0,82,20
9/6/2020,2.01,0,82,20
9/7/2020,4.25,0,82,150
9/8/2020,5.82,0,83,130
9/9/2020,4.7,0,83.5,120
9/10/2020,4.92,0.03,84.5,210
9/11/2020,5.59,0,80.5,330
9/12/2020,5.37,0,83.5,350
9/13/2020,6.04,0.62,83,40
9/14/2020,8.5,0,81,360
9/15/2020,7.16,0,82,360
9/16/2020,6.71,0,81.5,340
9/17/2020,5.37,0,81.5,10
9/18/2020,8.28,0,78,30
9/19/2020,8.5,0,72.5,20
9/20/2020,9.17,0,73.5,50
9/21/2020,7.61,0.64,70,60
9/22/2020,8.28,0.49,69.5,90
9/23/2020,8.05,0.44,68,340
9/24/2020,5.82,0,68,340
9/25/2020,3.13,0,70.5,140
9/26/2020,2.24,0,72,230
9/27/2020,7.61,0,77.5,200
9/28/2020,11.41,0.88,69,360
9/29/2020,5.59,0,66,330
9/30/2020,5.37,0,70.5,230
10/1/2020,4.25,0,68.5,40
10/2/2020,5.59,0,65,10
10/3/2020,4.25,0,64,140
10/4/2020,3.8,0,67,360
10/5/2020,3.58,0,63.5,70
10/6/2020,1.34,0,65.5,360
10/7/2020,1.12,0,70,350
10/8/2020,3.36,0.01,70,90
10/9/2020,8.05,0.67,70,360
10/10/2020,8.28,0.43,76.5,320
10/11/2020,3.58,0,76.5,170
10/12/2020,8.5,0,72.5,340
10/13/2020,2.68,0,67,10
10/14/2020,4.7,0,67,150
10/15/2020,8.72,0.02,70,30
10/16/2020,8.28,0,61.5,40
10/17/2020,8.28,0,58.5,140
10/18/2020,8.28,0,73,130
10/19/2020,7.83,0,78.5,150
10/20/2020,5.59,0,76.5,140
10/21/2020,4.47,0,76,150
10/22/2020,5.37,0,75.5,130
10/23/2020,6.49,0.13,70.5,260
10/24/2020,7.38,0,56,20
10/25/2020,5.14,0.01,57,70
10/26/2020,6.49,0.01,62.5,90
10/27/2020,6.93,0,59.5,50
10/28/2020,6.93,0.88,54.5,270
10/29/2020,9.62,0,46.5,280
10/30/2020,5.82,0,54.5,40
10/31/2020,1.79,0,55,200
11/1/2020,5.14,0,60,360
11/2/2020,2.01,0,53.5,340
11/3/2020,2.01,0,58.5,140
11/4/2020,3.8,0,59.5,140
11/5/2020,3.8,0,62.5,130
11/6/2020,2.01,0,63,60
11/7/2020,2.01,0.03,66,80
11/8/2020,4.25,0.06,66.5,120
11/9/2020,7.61,0.06,74.5,130
11/10/2020,5.37,0,73,240
11/11/2020,6.49,0,64.5,320
11/12/2020,3.58,0,61,130
11/13/2020,5.14,0,66,340
11/14/2020,10.51,0,72,170
11/15/2020,9.4,0.01,60,320
11/16/2020,1.34,0,41,110
11/17/2020,4.25,0,57.5,60
11/18/2020,5.14,0,56,140
11/19/2020,7.38,0,59.5,180
11/20/2020,4.25,0,66,170
11/21/2020,2.46,0,66.5,140
11/22/2020,6.49,0.01,64,10
11/23/2020,6.71,0,55,40
11/24/2020,9.4,0.07,58.5,150
11/25/2020,6.93,0.65,59,250
11/26/2020,4.7,0,55,120
11/27/2020,5.14,0,61.5,350
11/28/2020,7.16,0,54.5,60
11/29/2020,9.4,0.26,49,320
11/30/2020,10.51,0,43.5,330
12/1/2020,5.59,0,43.5,160
12/2/2020,7.38,0.68,47,270
12/3/2020,5.14,0.12,44,270
12/4/2020,3.8,0,45,280
12/5/2020,1.79,0,47.5,250
12/6/2020,5.82,0,51,330
12/7/2020,4.92,0,49,10
12/8/2020,3.36,0,52.5,310
12/9/2020,2.24,0,55.5,240
12/10/2020,6.93,0,58,230
12/11/2020,7.61,0.99,61.5,180
12/12/2020,6.04,0,51.5,340
12/13/2020,9.62,1.23,44,330
12/14/2020,6.71,0,43,320
12/15/2020,6.04,0.12,38,70
12/16/2020,8.28,0,39.5,340
12/17/2020,3.58,0,42,270
12/18/2020,6.93,0,47.5,140
12/19/2020,5.59,0.99,51,320
12/20/2020,4.25,0,52,230
12/21/2020,2.24,0,52.5,230
12/22/2020,5.59,0,54,190
12/23/2020,12.53,0,59.5,320
12/24/2020,12.08,0,39.5,290
12/25/2020,5.59,0,43.5,330
12/26/2020,7.16,0,49.5,170
12/27/2020,10.74,0,57.5,200
12/28/2020,6.04,0,56.5,90
12/29/2020,9.4,0,61,140
12/30/2020,10.74,1.14,61.5,10
12/31/2020,11.18,2.98,49.5,50
1/1/2021,11.18,0,47.5,220
1/2/2021,6.93,0,42,290
1/3/2021,8.28,0,48.5,190
1/4/2021,4.47,0,56,330
1/5/2021,4.47,0,49,120
1/6/2021,10.51,1.02,50.5,140
1/7/2021,11.41,0.38,44,320
1/8/2021,7.38,0,41.5,350
1/9/2021,3.8,0,38.5,10
1/10/2021,6.04,0.25,35,10
1/11/2021,4.92,0.03,38.5,360
1/12/2021,2.24,0,40.5,360
1/13/2021,6.93,0,49,210
1/14/2021,9.62,0,52.5,320
1/15/2021,11.63,0,45.5,310
1/16/2021,7.16,0,43.5,270
1/17/2021,6.26,0,47,330
1/18/2021,6.26,0,46.5,190
1/19/2021,4.7,0.55,53.5,170
1/20/2021,3.8,0,52,160
1/21/2021,2.91,0.31,54,130
1/22/2021,6.93,0.02,52,70
1/23/2021,7.16,0,47.5,60
1/24/2021,3.13,0.06,57,140
1/25/2021,8.95,0.07,61.5,200
1/26/2021,2.24,0,55.5,330
1/27/2021,11.18,0,49,330
1/28/2021,5.82,0,42.5,60
1/29/2021,6.49,0,46.5,140
1/30/2021,11.41,0.11,57.5,170
1/31/2021,12.97,0,54,320
2/1/2021,8.05,0,47.5,340
2/2/2021,0.89,0,44.5,50
2/3/2021,8.5,0,46.5,140
2/4/2021,11.63,0,60.5,320
2/5/2021,4.25,0,47,130
2/6/2021,7.61,0.1,45,300
2/7/2021,7.61,0,43,340
2/8/2021,6.71,0,46,140
2/9/2021,6.04,0,56.5,330
2/10/2021,7.61,0.58,45.5,340
2/11/2021,9.84,0.07,36.5,20
2/12/2021,11.41,0,31.5,20
2/13/2021,10.51,0,35,10
2/14/2021,11.63,0.13,26.5,360
2/15/2021,12.75,0.17,14.5,350
2/16/2021,4.47,0,15,340
2/17/2021,8.95,1,27,340
2/18/2021,8.72,0,27.5,10
2/19/2021,4.47,0,29,140
2/20/2021,6.71,0,33,150
2/21/2021,8.5,0,47.5,290
2/22/2021,2.46,0,51,310
2/23/2021,6.71,0,54.5,200
2/24/2021,8.28,0,62.5,240
2/25/2021,8.28,0.13,59.5,100
2/26/2021,5.14,0.22,53,140
2/27/2021,6.71,0.04,65.5,180
2/28/2021,10.51,0.75,70.5,350
3/1/2021,11.41,1.71,54.5,20
3/2/2021,7.38,0,49,100
3/3/2021,1.57,0,50,170
3/4/2021,3.58,0,54,160
3/5/2021,6.49,0.04,55,30
3/6/2021,8.05,0,63,30
3/7/2021,4.47,0,65.5,130
3/8/2021,5.59,0,60,120
3/9/2021,11.41,0,63.5,160
3/10/2021,13.65,0,68,180
3/11/2021,11.41,0,73,180
3/12/2021,7.61,0,72.5,170
3/13/2021,8.5,0,69.5,140
3/14/2021,9.17,0.42,66.5,140
3/15/2021,6.49,0,67,230
3/16/2021,6.26,0,72,150
3/17/2021,13.42,0.42,63.5,270
3/18/2021,13.87,0,53,290
3/19/2021,7.61,0,51,340
3/20/2021,3.8,0,49.5,60
3/21/2021,5.82,0,54.5,150
3/22/2021,11.41,0.14,59,140
3/23/2021,7.38,0.73,65.5,240
3/24/2021,7.16,0,63.5,140
3/25/2021,6.93,0.04,64.5,240
3/26/2021,4.7,0,62.5,130
3/27/2021,6.49,1.06,72.5,190
3/28/2021,10.07,0.01,59,340
3/29/2021,6.93,0,56.5,130
3/30/2021,7.61,0,66.5,140
3/31/2021,10.74,0.02,58.5,30
4/1/2021,6.93,0,53,320
4/2/2021,5.37,0,51.5,50
4/3/2021,5.37,0,57,190
4/4/2021,3.8,0,66.5,170
4/5/2021,7.83,0,67.5,160
4/6/2021,11.86,0,69.5,180
4/7/2021,8.95,0.07,65,170
4/8/2021,6.04,0,66,220
4/9/2021,8.95,0.11,70,140
4/10/2021,7.83,0,63.5,340
4/11/2021,2.91,0,64,150
4/12/2021,6.04,0,67,140
4/13/2021,6.49,0,72.5,150
4/14/2021,8.05,0.24,61,30
4/15/2021,7.16,0.24,62,50
4/16/2021,5.82,1.42,55.5,120
4/17/2021,8.28,0.03,54.5,310
4/18/2021,6.26,0,56.5,340
4/19/2021,1.12,0,58,240
4/20/2021,8.5,0,62.5,320
4/21/2021,6.71,0,51,360
4/22/2021,5.59,0,56,120
4/23/2021,10.07,0.96,67.5,150
4/24/2021,8.28,0.2,67,320
4/25/2021,5.59,0,66,150
4/26/2021,9.4,0,68.5,120
4/27/2021,9.17,0,72.5,180
4/28/2021,11.41,0,79.5,160
4/29/2021,6.93,0,78.5,150
4/30/2021,5.82,0.1,68.5,50
5/1/2021,4.92,0.01,67.5,150
5/2/2021,9.17,0.57,73,230
5/3/2021,10.29,0,80,210
5/4/2021,10.29,0.21,71,300
5/5/2021,6.49,0,67.5,20
5/6/2021,2.91,0,69,10
5/7/2021,4.92,0,69,130
5/8/2021,11.86,0,73,180
5/9/2021,10.96,0,76.5,210
5/10/2021,7.61,0.7,64,340
5/11/2021,8.72,3.09,65.5,350
5/12/2021,7.38,0,62,30
5/13/2021,6.71,0,67,360
5/14/2021,3.13,0,65.5,50
5/15/2021,6.71,0,69,140
5/16/2021,9.84,0.28,73,140
5/17/2021,9.17,0.71,72,150
5/18/2021,8.5,0.14,74.5,140
5/19/2021,7.83,0.46,75.5,170
5/20/2021,11.63,1.13,75,130
5/21/2021,8.5,0.26,74.5,130
5/22/2021,5.14,0,75,150
5/23/2021,5.82,0,75.5,160
5/24/2021,5.59,0.02,77,160
5/25/2021,8.72,0.72,76.5,240
5/26/2021,5.59,0.57,77,190
5/27/2021,9.62,0,80.5,200
5/28/2021,6.93,0.56,74,350
5/29/2021,7.61,0,71.5,60
5/30/2021,6.04,0,66.5,70
5/31/2021,4.92,0.04,72.5,120
6/1/2021,4.92,0.29,75.5,200
6/2/2021,4.7,0,72.5,240
6/3/2021,2.24,0,74,350
6/4/2021,3.36,0.46,72,140
6/5/2021,6.26,1.17,76,150
6/6/2021,4.92,0.15,76,250
6/7/2021,8.5,0.87,80,250
6/8/2021,7.16,0.02,79,190
6/9/2021,8.95,0,85,200
6/10/2021,8.72,0,84.5,220
6/11/2021,8.05,0,84,220
6/12/2021,6.93,0,83,270
6/13/2021,4.92,0.09,86,140
6/14/2021,4.47,0,86.5,350
6/15/2021,3.58,0,85.5,60
6/16/2021,3.58,0,86,50
6/17/2021,3.8,0,83,150
6/18/2021,4.03,0,81.5,130
6/19/2021,3.36,0,84,140
6/20/2021,10.51,0,86.5,200
6/21/2021,8.28,0.01,84,350
6/22/2021,7.16,0.01,77.5,60
6/23/2021,6.71,0,81.5,140
6/24/2021,7.61,0,87,180
6/25/2021,9.17,0,86.5,170
6/26/2021,9.84,0,85.5,150
6/27/2021,8.72,0.04,84.5,150
6/28/2021,7.83,0.69,81,170
6/29/2021,5.82,0.01,82.5,130
6/30/2021,2.91,0,84,130
7/1/2021,4.03,0,85,230
7/2/2021,4.25,0.46,82.5,30
7/3/2021,4.92,0,79,50
7/4/2021,4.03,0,78.5,60
7/5/2021,3.58,0,81,90
7/6/2021,5.82,0,83.5,160
7/7/2021,4.03,0.05,83,180
7/8/2021,6.04,0,85,170
7/9/2021,6.71,0.01,81,220
7/10/2021,9.17,0.02,85,190
7/11/2021,9.17,0.75,79,350
7/12/2021,6.93,0.05,78.5,220
7/13/2021,5.14,0,81.5,210
7/14/2021,5.14,0,82.5,160
7/15/2021,6.71,0.64,82.5,160
7/16/2021,9.17,0,83.5,140
7/17/2021,6.93,0,85.5,240
7/18/2021,7.38,0,86,230
7/19/2021,5.14,1.97,77,330
7/20/2021,,0.13,77,10
7/21/2021,4.92,0,82,70
7/22/2021,4.25,0,83,190
7/23/2021,6.93,0,85.5,270
7/24/2021,4.92,0,85.5,230
7/25/2021,3.8,0,87,240
7/26/2021,2.46,0,86.5,260
7/27/2021,3.8,0,87,130
7/28/2021,3.36,0,86.5,70
7/29/2021,2.91,0,88,130
7/30/2021,1.34,0,89,80
7/31/2021,5.14,0,89,240
8/1/2021,4.92,0.31,87.5,150
8/2/2021,4.25,0.08,79.5,350
8/3/2021,6.04,0,82,40
8/4/2021,5.14,0,80.5,50
8/5/2021,2.68,0,80,60
8/6/2021,2.46,0,84,150
8/7/2021,6.71,0,83,140
8/8/2021,10.74,0,87.5,180
8/9/2021,10.51,0,87.5,220
8/10/2021,9.62,0,88.5,230
8/11/2021,7.38,0,88.5,170
8/12/2021,6.49,0,87.5,170
8/13/2021,4.47,0,86.5,260
8/14/2021,5.59,0.02,85.5,110
8/15/2021,3.13,1.47,85,320
8/16/2021,4.03,0.01,83.5,110
8/17/2021,4.7,0.26,83.5,140
8/18/2021,3.8,0.11,82,190
8/19/2021,5.59,0.03,81.5,230
8/20/2021,7.16,0,85,190
8/21/2021,6.04,0,85,250
8/22/2021,5.14,0,87,240
8/23/2021,2.46,0,87,290
8/24/2021,2.46,0,88,150
8/25/2021,3.36,0,89.5,90
8/26/2021,5.82,0,86.5,140
8/27/2021,7.38,0,84.5,100
8/28/2021,6.71,0.31,83.5,120
8/29/2021,6.26,0.06,84,140
8/30/2021,8.72,0,84,360
8/31/2021,2.01,0.09,85,260
9/1/2021,4.47,0.01,88.5,40
9/2/2021,3.36,0,85.5,130
9/3/2021,3.58,0,85,250
9/4/2021,4.7,0,86,230
9/5/2021,5.82,0.02,87,10
9/6/2021,4.7,0,81,60
9/7/2021,3.13,0,78,50
9/8/2021,3.8,0,79.5,330
9/9/2021,5.37,0,78.5,20
9/10/2021,2.68,0,76,150
9/11/2021,4.03,0,76.5,130
9/12/2021,4.92,0,76,130
9/13/2021,6.93,0,80,130
9/14/2021,8.95,0,75,140
9/15/2021,9.4,0,79,70
9/16/2021,7.16,0,76.5,70
9/17/2021,4.92,0.09,78,340
9/18/2021,5.14,0.94,80.5,320
9/19/2021,4.47,0,82.5,230
9/20/2021,5.37,0,82,140
9/21/2021,8.28,0.12,82,340
9/22/2021,7.61,0,70.5,340
9/23/2021,0.67,0,69,10
9/24/2021,2.46,0,70.5,350
9/25/2021,2.91,0,73,310
9/26/2021,2.91,0,74.5,100
9/27/2021,3.8,0,75.5,210
9/28/2021,6.93,0.09,81.5,130
9/29/2021,6.93,0,78.5,140
9/30/2021,5.82,0,79.5,130
10/1/2021,4.92,0.53,76.5,150
10/2/2021,3.13,0.16,78.5,220
10/3/2021,3.36,0.06,79,310
10/4/2021,4.25,0,76,330
10/5/2021,3.8,0,75.5,340
10/6/2021,2.01,0,74.5,10
10/7/2021,2.91,0,75.5,230
10/8/2021,4.25,0,77.5,210
10/9/2021,8.05,0,79,140
10/10/2021,10.96,0,78.5,170
10/11/2021,7.83,0,74.5,180
10/12/2021,4.7,0.01,71.5,180
10/13/2021,9.84,0,82,180
10/14/2021,6.26,0,79,180
10/15/2021,10.51,0,76,320
10/16/2021,6.71,0,63.5,340
10/17/2021,1.34,0,60.5,110
10/18/2021,4.03,0,62.5,120
10/19/2021,4.25,0,64,130
10/20/2021,2.01,0,72,140
10/21/2021,2.91,0,74,330
10/22/2021,1.79,0,69.5,110
10/23/2021,5.82,0,73.5,170
10/24/2021,9.62,0,79.5,180
10/25/2021,5.14,0,76.5,90
10/26/2021,9.17,0,72.5,140
10/27/2021,9.62,1.05,67.5,130
10/28/2021,11.86,0,61,280
10/29/2021,11.41,0,56.5,320
10/30/2021,2.91,0,59.5,310
10/31/2021,1.34,0,61.5,10
11/1/2021,4.03,0,61,140
11/2/2021,6.71,0.04,60.5,60
11/3/2021,8.5,0.32,47.5,50
11/4/2021,6.71,0,51.5,40
11/5/2021,3.36,0,49.5,360
11/6/2021,1.34,0,51.5,150
11/7/2021,2.01,0,54,120
11/8/2021,2.46,0,57.5,120
11/9/2021,3.8,0,59.5,190
11/10/2021,7.38,0,61.5,160
11/11/2021,6.26,0.5,60,260
11/12/2021,6.04,0,57,320
11/13/2021,4.92,0,49,320
11/14/2021,3.58,0,57.5,220
11/15/2021,6.71,0,63.5,200
11/16/2021,9.62,0,71,190
11/17/2021,10.07,0,71.5,200
11/18/2021,11.18,0,55,20
11/19/2021,3.36,0,47.5,70
11/20/2021,6.49,0,55,170
11/21/2021,6.04,0.68,66,340
11/22/2021,5.14,0,55,20
11/23/2021,5.82,0,53,140
11/24/2021,10.96,0,61.5,200
11/25/2021,7.38,0.84,55.5,320
11/26/2021,2.68,0,43.5,50
11/27/2021,3.8,0.04,42,220
11/28/2021,2.68,0.07,55,350
11/29/2021,4.7,0,53.5,150
11/30/2021,6.71,0,59,190
12/1/2021,6.93,0,65.5,200
12/2/2021,3.8,0,63.5,220
12/3/2021,6.04,0,63.5,200
12/4/2021,5.37,0.01,72,130
12/5/2021,9.17,0,72,200
12/6/2021,11.63,0,58,10
12/7/2021,6.71,0,46.5,50
12/8/2021,5.82,0,52.5,140
12/9/2021,6.71,0,65,210
12/10/2021,13.2,0,76.5,190
12/11/2021,9.62,0.54,57,290
12/12/2021,3.36,0,45,110
12/13/2021,3.13,0,50.5,120
12/14/2021,7.16,0,66,180
12/15/2021,11.41,0,73.5,180
12/16/2021,8.05,0.04,72,200
12/17/2021,8.5,0,73,170
12/18/2021,9.84,1.13,58,10
12/19/2021,8.5,0,44,10
12/20/2021,4.47,0.08,38.5,70
12/21/2021,2.46,0,46.5,10
12/22/2021,3.36,0,48.5,140
12/23/2021,10.07,0,58.5,210
12/24/2021,14.99,0,69,200
12/25/2021,11.18,0,70.5,210
12/26/2021,8.95,0,69,210
12/27/2021,10.51,0,73.5,210
12/28/2021,10.74,0,73,190
12/29/2021,8.05,0,72,200
12/30/2021,2.91,0,66.5,130
12/31/2021,9.62,0,70,200
1/1/2022,12.75,0,66,200
1/2/2022,13.42,0.07,38,320
1/3/2022,3.8,0,37,350
1/4/2022,8.05,0,44.5,170
1/5/2022,5.82,0,56,60
1/6/2022,8.5,0,45.5,340
1/7/2022,8.28,0,39,70
1/8/2022,10.51,0.45,54,160
1/9/2022,12.97,0.24,60,30
1/10/2022,6.93,0,46.5,30
1/11/2022,1.12,0,44.5,140
1/12/2022,3.58,0,51,250
1/13/2022,5.14,0,57,290
1/14/2022,,0,55,190
1/15/2022,16.55,0,45,310
1/16/2022,9.17,0,41.5,320
1/17/2022,3.36,0,46,360
1/18/2022,9.62,0,52.5,180
1/19/2022,10.29,0.63,59.5,10
1/20/2022,12.75,0,37,10
1/21/2022,8.28,0,35,40
1/22/2022,4.03,0,34,320
1/23/2022,4.92,0,43.5,230
1/24/2022,4.7,0.35,46.5,90
1/25/2022,8.5,0.01,49,50
1/26/2022,6.93,0,39.5,40
1/27/2022,3.8,0,41,350
1/28/2022,9.62,0,46,330
1/29/2022,6.26,0,43.5,220
1/30/2022,8.28,0,57,230
1/31/2022,6.04,0,55.5,150
2/1/2022,7.38,0.07,58,150
2/2/2022,5.82,0.27,57.5,360
2/3/2022,11.63,0.95,40.5,10
2/4/2022,8.05,0,31.5,310
2/5/2022,1.57,0,36,330
2/6/2022,2.91,0,40,60
2/7/2022,2.91,0,44.5,330
2/8/2022,3.8,0,47,190
2/9/2022,3.13,0,52.5,250
2/10/2022,2.01,0,53,210
2/11/2022,9.62,0,61,210
2/12/2022,9.4,0.11,45,350
2/13/2022,5.82,0,41.5,230
2/14/2022,5.82,0,51,190
2/15/2022,10.74,0,54,170
2/16/2022,14.32,0,66.5,170
2/17/2022,14.32,0.43,53.5,300
2/18/2022,6.49,0,41.5,330
2/19/2022,1.79,0,47.5,10
2/20/2022,8.05,0,51.5,180
2/21/2022,10.96,0.07,67.5,170
2/22/2022,12.97,0.01,63.5,180
2/23/2022,9.62,0.04,42,30
2/24/2022,7.16,0,37.5,320
2/25/2022,10.29,0,37.5,350
2/26/2022,7.38,1.24,35.5,30
2/27/2022,7.61,0.01,45.5,320
2/28/2022,1.12,0,47.5,310
3/1/2022,1.57,0,53.5,220
3/2/2022,1.34,0,57,140
3/3/2022,1.79,0,59.5,150
3/4/2022,4.92,0,60.5,160
3/5/2022,12.53,0,71.5,190
3/6/2022,11.63,0,76,180
3/7/2022,10.96,0.05,57,310
3/8/2022,8.72,0.65,40.5,40
3/9/2022,5.82,0,49,10
3/10/2022,2.91,0,51,140
3/11/2022,9.4,0.29,48.5,330
3/12/2022,8.5,0,40.5,360
3/13/2022,9.4,0,49,170
3/14/2022,14.09,0.81,58.5,240
3/15/2022,3.8,0.1,55.5,20
3/16/2022,3.36,0,61.5,130
3/17/2022,8.95,0.62,64,130
3/18/2022,11.41,0.02,56,270
3/19/2022,3.8,0,57,360
3/20/2022,6.93,0,59,140
3/21/2022,14.09,1.24,63,150
3/22/2022,9.4,3.57,59,330
3/23/2022,10.51,0,55.5,280
3/24/2022,5.14,0,53.5,320
3/25/2022,5.37,0,59,310
3/26/2022,4.47,0,63.5,180
3/27/2022,6.04,0,65.5,200
3/28/2022,8.5,0,67.5,180
3/29/2022,14.76,0,74,170
3/30/2022,12.53,0.54,62.5,300
3/31/2022,6.04,0,55.5,270
